Author (Citation),Sample ID,Total Length (cm),Total Weight (g),Sex Ratio,Maturity,Age (Years),d13C,d15N,Waterbody,Location,Latitude,Longitude,Class,Species,Tissue,N,n,Collection Date,Sampling Year,PFBS,PFBA,PFDS,PFDA,PFDoA,PFHpA,PFHxDA,PFHxS,PFHxA,PFNA,PFOS,PFOA,PFPeA,PFTeDA,PFTrDA,PFUnA
#50 Ren et al (2023),20190424AC001,63.48,2915.2,0.8,NA,4,NA,NA,Lake Erie,"Dunkirk, NY (P532)",42.4755556,-79.73972222,Pisces,Lake trout,Composite whole fish homogenate,1,5,8/7/19,2019,<0.052,ND,0.407733328,2.870442628,0.530053326,ND,<0.11,0.146783998,ND,0.921477321,43.69270341,<0.048,ND,0.399578661,1.068261319,2.275151969
#50 Ren et al (2023),20190424AC002,61.84,2684.8,0.8,NA,5,NA,NA,Lake Erie,"Dunkirk, NY (P532)",42.4755556,-79.73972222,Pisces,Lake trout,Composite whole fish homogenate,1,5,8/7/19,2019,ND,ND,0.48203447,4.182815236,0.668628458,ND,<0.11,0.342088978,ND,2.581216837,73.85234559,<0.048,ND,0.489809219,1.438328659,2.798909823
#50 Ren et al (2023),20190424AC003,62.2,2674.8,0.2,NA,4,NA,NA,Lake Erie,"Dunkirk, NY (P532)",42.4755556,-79.73972222,Pisces,Lake trout,Composite whole fish homogenate,1,5,8/7/19,2019,ND,ND,0.583253527,3.846320554,0.717244202,ND,<0.11,0.244335937,ND,1.804933211,67.6652909,<0.048,ND,0.551726309,1.442370208,2.506413804
#50 Ren et al (2023),20190424AC004,62.7,2864.4,0,NA,4,NA,NA,Lake Erie,"Dunkirk, NY (P532)",42.4755556,-79.73972222,Pisces,Lake trout,Composite whole fish homogenate,1,5,8/15/19,2019,ND,ND,0.504699988,4.221855456,0.737022205,ND,<0.11,0.336466659,ND,2.651677715,67.30935396,0.056077776,0.160222218,0.528733321,1.482055521,2.427366609
#50 Ren et al (2023),20190424AC005,66.12,3149.6,0.6,NA,5,NA,NA,Lake Erie,"Dunkirk, NY (P532)",42.4755556,-79.73972222,Pisces,Lake trout,Composite whole fish homogenate,1,5,8/7/19,2019,0.055824984,ND,0.526349846,4.593598658,0.765599776,ND,<0.11,0.287099916,ND,2.248949343,81.40080123,0.055824984,ND,0.550274839,1.579049539,2.472249278
#50 Ren et al (2023),LEEmeraldShiner20190424001_YAO,7.557894737,3.011578947,NA,YAO,NA,-23.2,14.2,Lake Erie,"Dunkirk, NY (P532)",42.4755556,-79.73972222,Pisces,Emerald shiner,Composite whole fish homogenate,1,38,10/30/19,2019,ND,0.061452218,0.215082762,1.751388208,0.384076361,0.537706906,ND,0.161312072,0.330305671,0.583796069,19.22686265,ND,ND,0.199719708,0.599159124,1.597757663
#50 Ren et al (2023),LEEmeraldShiner20190424002_YAO,7.546153846,3.150769231,NA,YAO,NA,-23.2,14.2,Lake Erie,"Dunkirk, NY (P532)",42.4755556,-79.73972222,Pisces,Emerald shiner,Composite whole fish homogenate,1,39,10/30/19,2019,ND,ND,0.191893884,1.759027266,ND,ND,ND,0.151915991,0.087951363,0.463743552,19.14141489,<0.048,ND,0.215880619,0.607663965,1.447199705
#50 Ren et al (2023),LEEmeraldShiner20190424003_YAO,7.484615385,3.086923077,NA,YAO,NA,-23.2,14.2,Lake Erie,"Dunkirk, NY (P532)",42.4755556,-79.73972222,Pisces,Emerald shiner,Composite whole fish homogenate,1,39,10/30/19,2019,ND,ND,0.158666827,1.486457641,ND,ND,ND,0.150315941,0.141965056,0.476000481,15.39068221,<0.048,ND,0.141965056,0.476000481,0.876842991
#50 Ren et al (2023),LEFE_2019_amphipod_1,NA,NA,NA,NA,NA,NA,NA,Lake Erie,"Middle Bass Island, OH (P512)",41.5830556,-82.91638889,"Shrimp, water fleas, and allies",Amphipods,Bulk composite,1,NA,6/24/19,2019,ND,ND,0.283926093,1.867934825,0.381058704,ND,<0.11,0.067245654,ND,1.27766742,30.35767678,0.127019568,ND,0.246567397,0.478191315,0.814419584
#50 Ren et al (2023),LEFE_2019_larvfish_1,NA,NA,NA,Larvae,NA,NA,NA,Lake Erie,"Middle Bass Island, OH (P512)",41.5830556,-82.91638889,Pisces,General forage fish larvae,Composite whole fish homogenate,1,NA,6/24/19,2019,ND,ND,0.525472411,2.095238095,0.705064248,ND,<0.11,<0.051,ND,1.48329554,33.41738473,0.106424792,ND,0.492214664,0.891307634,1.130763416
#50 Ren et al (2023),LEFE_2019_mayfly_1,NA,NA,NA,NA,NA,NA,NA,Lake Erie,"Middle Bass Island, OH (P512)",41.5830556,-82.91638889,Insecta,Mayflies,Bulk composite,1,NA,6/24/19,2019,ND,ND,0.27104642,0.625491739,0.156372935,ND,ND,0.125098348,ND,1.365656963,13.68784422,0.427419355,ND,ND,<0.097,ND
#50 Ren et al (2023),LEFE_2019_zoop_153um_1,NA,NA,NA,NA,NA,-30,10.8,Lake Erie,"Middle Bass Island, OH (P512)",41.5830556,-82.91638889,Zooplankton,Zooplankton,Bulk composite,1,NA,6/24/19,2019,ND,ND,<0.12,1.728390289,0.586848796,ND,<0.11,<0.051,ND,1.575648822,13.34478084,0.321560984,ND,0.257248787,0.50645855,1.004878075
#50 Ren et al (2023),LEFE_2019_zoopsled_1,NA,NA,NA,NA,NA,-30,10.8,Lake Erie,"Middle Bass Island, OH (P512)",41.5830556,-82.91638889,Zooplankton,Zooplankton,Bulk composite,1,NA,6/24/19,2019,ND,ND,ND,1.630104096,0.244156561,ND,ND,<0.051,ND,2.19022797,10.10377296,0.5816671,ND,0.172345807,0.301605163,ND
#50 Ren et al (2023),LEFE_2019_zoopsled_2,NA,NA,NA,NA,NA,-30,10.8,Lake Erie,"Middle Bass Island, OH (P512)",41.5830556,-82.91638889,Zooplankton,Zooplankton,Bulk composite,1,NA,6/24/19,2019,ND,ND,ND,1.166674676,0.181637973,ND,ND,ND,ND,1.495020243,7.181686029,0.363275947,ND,0.104791139,0.223554429,ND
#50 Ren et al (2023),LEFO_2019_oligochaete_1,NA,NA,NA,NA,NA,NA,NA,Lake Erie,"Dunkirk, NY (P532)",42.4755556,-79.73972222,Annelida,Oligochaeta,Bulk composite,1,NA,6/23/19,2019,ND,ND,<0.12,0.474060267,ND,ND,ND,0.270891581,0.203168686,0.406337372,9.176452314,1.760795278,ND,<0.081,0.101584343,ND
#50 Ren et al (2023),LEFO_2019_zoop_153um_1,NA,NA,NA,NA,NA,-31,7.51,Lake Erie,"Dunkirk, NY (P532)",42.4755556,-79.73972222,Zooplankton,Zooplankton,Bulk composite,1,NA,6/23/19,2019,ND,ND,0.2117611,1.15373289,<0.083,ND,<0.11,0.124135817,ND,2.723685874,27.68228726,0.803231759,ND,0.09492739,0.262875848,0.219063207
#50 Ren et al (2023),LEFO_2019_zoop_153um_2,NA,NA,NA,NA,NA,-31,7.51,Lake Erie,"Dunkirk, NY (P532)",42.4755556,-79.73972222,Zooplankton,Zooplankton,Bulk composite,1,NA,6/23/19,2019,ND,ND,0.15983334,0.857287913,<0.083,0.072651518,<0.11,0.232484858,ND,1.997916747,19.60137958,0.668393966,ND,<0.081,0.196159099,0.174363643
#50 Ren et al (2023),LEFO_2019_zoop_tt_1,NA,NA,NA,NA,NA,-31,7.51,Lake Erie,"Dunkirk, NY (P532)",42.4755556,-79.73972222,Zooplankton,Zooplankton,Bulk composite,1,NA,6/23/19,2019,ND,ND,0.241182237,0.957635352,<0.083,ND,ND,0.156059094,ND,1.986206655,26.97694253,0.503645259,ND,<0.081,0.120591118,0.156059094
#50 Ren et al (2023),LEFreshwaterDrum20190904001,11.55,19.44,NA,NA,NA,-21.8,14.5,Lake Erie,"Middle Bass Island, OH (P512)",41.5830556,-82.91638889,Pisces,Freshwater drum,Composite whole fish homogenate,1,2,9/24/19,2019,ND,ND,0.486966499,1.033867336,0.404556784,ND,ND,0.082409715,ND,1.123768844,14.99107638,0.112376884,ND,0.142344054,0.269704523,0.614326968
#50 Ren et al (2023),LEFreshwaterDrum20190904002,9.633333333,11.62,NA,NA,NA,-21.8,14.5,Lake Erie,"Middle Bass Island, OH (P512)",41.5830556,-82.91638889,Pisces,Freshwater drum,Composite whole fish homogenate,1,3,9/24/19,2019,ND,ND,0.233958946,0.803259047,0.241757577,ND,ND,0.062389052,<0.059,0.779863152,10.91808413,0.070187684,ND,0.093583578,0.171569893,0.483515154
#50 Ren et al (2023),LEFreshwaterDrum20190904003,9.6,11.32666667,NA,NA,NA,-21.8,14.5,Lake Erie,"Middle Bass Island, OH (P512)",41.5830556,-82.91638889,Pisces,Freshwater drum,Composite whole fish homogenate,1,3,9/24/19,2019,ND,ND,0.265894848,1.055758955,0.258074411,ND,ND,<0.051,<0.059,0.868068474,9.924134178,0.101665677,ND,<0.081,0.179870044,0.563071443
#50 Ren et al (2023),LEGizzardShad20190904001,10.9,14.82333333,NA,NA,NA,-23.1,12.8,Lake Erie,"Middle Bass Island, OH (P512)",41.5830556,-82.91638889,Pisces,Gizzard shad,Composite whole fish homogenate,1,3,9/24/19,2019,ND,ND,<0.12,0.231450157,0.278260301,ND,<0.11,0.059812962,0.22624903,0.07281578,3.084268387,<0.048,ND,0.15343325,0.187240577,0.215846776
#50 Ren et al (2023),LEGizzardShad20190904002,10.9,14.33333333,NA,NA,NA,-23.1,12.8,Lake Erie,"Middle Bass Island, OH (P512)",41.5830556,-82.91638889,Pisces,Gizzard shad,Composite whole fish homogenate,1,3,9/24/19,2019,ND,ND,<0.12,0.246665288,0.161874095,ND,<0.11,<0.051,<0.059,0.100207773,1.896239401,<0.048,ND,0.092499483,<0.097,0.131040934
#50 Ren et al (2023),LEGizzardShad20190904003LD_avg,9.725,10.48,NA,NA,NA,-23.1,12.8,Lake Erie,"Middle Bass Island, OH (P512)",41.5830556,-82.91638889,Pisces,Gizzard shad,Composite whole fish homogenate,2,4,9/24/19,2019,ND,ND,<0.12,0.24636713,0.227086594,0.059,<0.11,0.051,0.273207977,0.111623239,3.449419649,0.048,ND,0.127003695,0.134763879,0.12
#50 Ren et al (2023),LELakeTrout20190424F001,73,4840,0,NA,9,-22,18.1,Lake Erie,"Dunkirk, NY (P532)",42.4755556,-79.73972222,Pisces,Lake trout,Whole fish homogenate,1,1,8/20/19,2019,ND,ND,0.431541746,2.40094135,0.635543299,<0.059,<0.11,0.290309902,ND,0.604158444,41.99293498,ND,ND,0.384464465,0.878775919,2.597096689
#50 Ren et al (2023),LELakeTrout20190424F002,60.3,2520,0,NA,4,-22,18.1,Lake Erie,"Dunkirk, NY (P532)",42.4755556,-79.73972222,Pisces,Lake trout,Whole fish homogenate,1,1,8/20/19,2019,ND,ND,0.366845939,2.052776213,0.390261637,<0.059,<0.11,0.195130819,ND,1.069316887,38.79200676,<0.048,ND,0.218546517,0.569781991,1.888866325
#50 Ren et al (2023),LELakeTrout20190424F003,63.2,2816,0,NA,4,-22,18.1,Lake Erie,"Dunkirk, NY (P532)",42.4755556,-79.73972222,Pisces,Lake trout,Whole fish homogenate,1,1,8/20/19,2019,ND,ND,0.510023391,3.904866589,0.701282163,ND,<0.11,0.422363121,ND,2.231352337,72.82177733,ND,ND,0.486116045,1.362718749,2.757313959
#50 Ren et al (2023),LELakeTrout20190424F004,64.8,3168,1,NA,4,-22,18.1,Lake Erie,"Dunkirk, NY (P532)",42.4755556,-79.73972222,Pisces,Lake trout,Whole fish homogenate,1,1,8/22/19,2019,ND,ND,0.241407308,1.923471132,0.397153958,<0.059,<0.11,0.140171985,ND,0.506176614,22.9648436,ND,ND,0.233619976,0.552900609,1.627552496
#50 Ren et al (2023),LELakeTrout20190424F005,64.5,3008,0,NA,4,-22,18.1,Lake Erie,"Dunkirk, NY (P532)",42.4755556,-79.73972222,Pisces,Lake trout,Whole fish homogenate,1,1,8/22/19,2019,ND,ND,0.395807524,3.04228528,0.457894978,<0.059,<0.11,0.131935841,ND,2.110973459,58.87442891,ND,ND,0.279393546,0.752810388,1.831579913
#50 Ren et al (2023),LELakeTrout20190424F006,74,3942,1,NA,NA,-22,18.1,Lake Erie,"Dunkirk, NY (P532)",42.4755556,-79.73972222,Pisces,Lake trout,Whole fish homogenate,1,1,8/20/19,2019,ND,ND,0.189316613,1.665986196,0.265043258,0.249897929,<0.11,<0.051,0.106017303,ND,25.80764071,ND,ND,0.143880626,0.408923885,0.832993098
#50 Ren et al (2023),LELakeTrout20190424F007,68.7,3748,1,NA,6,-22,18.1,Lake Erie,"Dunkirk, NY (P532)",42.4755556,-79.73972222,Pisces,Lake trout,Whole fish homogenate,1,1,8/13/19,2019,ND,ND,0.754501816,2.530724841,0.40082909,ND,<0.11,0.212203636,ND,1.037439997,34.95072474,ND,ND,0.212203636,0.510860604,1.689769692
#50 Ren et al (2023),LELakeTrout20190424F008,69.5,3402,0,NA,6,-22,18.1,Lake Erie,"Dunkirk, NY (P532)",42.4755556,-79.73972222,Pisces,Lake trout,Whole fish homogenate,1,1,8/13/19,2019,ND,ND,1.075373501,3.446275707,0.541920504,ND,<0.11,0.237090221,ND,1.55802145,66.1905091,ND,ND,0.338700315,0.779010725,1.778176655
#50 Ren et al (2023),LELakeTrout20190424F009,71.3,4908,0,NA,6,-22,18.1,Lake Erie,"Dunkirk, NY (P532)",42.4755556,-79.73972222,Pisces,Lake trout,Whole fish homogenate,1,1,8/16/19,2019,ND,ND,0.817683421,2.354928252,0.506963721,ND,<0.11,0.294366031,ND,0.834037089,33.0834712,ND,ND,0.294366031,0.605085731,1.96244021
#50 Ren et al (2023),LELakeTrout20190424F010,70.5,3460,0,NA,8,-22,18.1,Lake Erie,"Dunkirk, NY (P532)",42.4755556,-79.73972222,Pisces,Lake trout,Whole fish homogenate,1,1,8/16/19,2019,ND,ND,0.510922005,1.675154114,0.402036987,0.201018494,ND,0.15076387,ND,0.43554007,25.33670598,ND,ND,0.259648888,0.469043152,1.691905655
#50 Ren et al (2023),LERainbowSmelt20190424001_YAO,11.05333333,7.867333333,NA,YAO,NA,-24.8,14.6,Lake Erie,"Dunkirk, NY (P532)",42.4755556,-79.73972222,Pisces,Rainbow smelt,Composite whole fish homogenate,1,15,10/23/19,2019,ND,ND,<0.12,1.299701311,0.163391022,ND,ND,<0.051,ND,1.41110428,20.41645088,0.163391022,ND,<0.081,0.311928315,0.20795221
#50 Ren et al (2023),LERainbowSmelt20190424001_YOY,5.991472868,0.902325581,NA,Juvenile (YOY),NA,-24.4,15.2,Lake Erie,"Dunkirk, NY (P532)",42.4755556,-79.73972222,Pisces,Rainbow smelt,Composite whole fish homogenate,1,129,10/23/19,2019,ND,ND,<0.12,0.513615962,0.090638111,ND,<0.11,<0.051,ND,0.460743731,5.596903354,0.090638111,ND,<0.081,0.173723046,0.483403259
#50 Ren et al (2023),LERainbowSmelt20190424002_YAO,11.22,8.110666667,NA,YAO,NA,-24.8,14.6,Lake Erie,"Dunkirk, NY (P532)",42.4755556,-79.73972222,Pisces,Rainbow smelt,Composite whole fish homogenate,1,15,10/23/19,2019,ND,ND,0.592810698,1.390543613,0.161010313,ND,ND,0.204922217,ND,1.683289637,22.10964344,0.197603566,ND,0.117098409,0.453756337,0.812370216
#50 Ren et al (2023),LERainbowSmelt20190424002_YOY,5.970542636,0.940620155,NA,Juvenile (YOY),NA,-24.4,15.2,Lake Erie,"Dunkirk, NY (P532)",42.4755556,-79.73972222,Pisces,Rainbow smelt,Composite whole fish homogenate,1,129,10/23/19,2019,ND,ND,0.246793095,0.478629032,<0.083,ND,ND,0.05235005,ND,0.411321825,4.756376008,0.082264365,ND,<0.081,0.172007308,0.463671875
#50 Ren et al (2023),LERainbowSmelt20190424003_YAO,10.81875,7.805,NA,YAO,NA,-24.8,14.6,Lake Erie,"Dunkirk, NY (P532)",42.4755556,-79.73972222,Pisces,Rainbow smelt,Composite whole fish homogenate,1,16,10/23/19,2019,ND,ND,<0.12,1.316039658,0.162569605,ND,<0.11,0.162569605,ND,1.57150618,23.35583322,0.185793834,ND,0.116121146,0.456743175,0.774140975
#50 Ren et al (2023),LERainbowSmelt20190424003_YOY,5.885384615,0.871846154,NA,Juvenile (YOY),NA,-24.4,15.2,Lake Erie,"Dunkirk, NY (P532)",42.4755556,-79.73972222,Pisces,Rainbow smelt,Composite whole fish homogenate,1,130,10/23/19,2019,ND,ND,0.363460677,0.553092334,0.102717148,ND,ND,<0.051,ND,0.426671229,4.977831007,0.134322424,ND,<0.081,0.173829019,0.58469761
#50 Ren et al (2023),LERoundGoby20190424001_YAO,8.2125,7.293125,NA,YAO,NA,-24.6,13.6,Lake Erie,"Dunkirk, NY (P532)",42.4755556,-79.73972222,Pisces,Round goby,Composite whole fish homogenate,1,16,10/23/19,2019,ND,ND,<0.12,0.443439448,0.142534108,ND,<0.11,ND,ND,0.126696985,1.86086197,<0.048,ND,<0.081,0.237556847,0.538462187
#50 Ren et al (2023),LERoundGoby20190424001_YOY,4.64516129,1.309193548,NA,Juvenile (YOY),NA,-24.5,14.1,Lake Erie,"Dunkirk, NY (P532)",42.4755556,-79.73972222,Pisces,Round goby,Composite whole fish homogenate,1,62,10/23/19,2019,ND,ND,<0.12,1.037943522,0.340817276,ND,ND,<0.051,ND,0.364054817,5.956556478,0.069712625,ND,0.201392027,0.511225914,1.394252492
#50 Ren et al (2023),LERoundGoby20190424002_YAO,8.2875,7.27,NA,YAO,NA,-24.6,13.6,Lake Erie,"Dunkirk, NY (P532)",42.4755556,-79.73972222,Pisces,Round goby,Composite whole fish homogenate,1,16,10/23/19,2019,ND,ND,ND,0.641521625,0.200958581,ND,<0.11,<0.051,ND,0.208687758,3.238524832,<0.048,ND,0.146854348,0.401917163,0.989334555
#50 Ren et al (2023),LERoundGoby20190424002_YOY,4.89516129,1.408387097,NA,Juvenile (YOY),NA,-24.5,14.1,Lake Erie,"Dunkirk, NY (P532)",42.4755556,-79.73972222,Pisces,Round goby,Composite whole fish homogenate,1,62,10/23/19,2019,ND,ND,0.12480196,0.998415676,0.319805021,ND,ND,<0.051,<0.059,0.366605756,5.896892587,0.101401592,ND,0.156002449,0.475807471,1.076416901
#50 Ren et al (2023),LERoundGoby20190424003_YAOLD_avg,8.05,7.251875,NA,YAO,NA,-24.6,13.6,Lake Erie,"Dunkirk, NY (P532)",42.4755556,-79.73972222,Pisces,Round goby,Composite whole fish homogenate,2,16,10/23/19,2019,ND,ND,ND,0.6186143,0.227159901,<0.059,<0.11,0.051,ND,0.183027862,3.085191737,<0.048,ND,0.135480363,0.355202121,0.761091188
#50 Ren et al (2023),LERoundGoby20190424003_YOY,4.733870968,1.295806452,NA,Juvenile (YOY),NA,-24.5,14.1,Lake Erie,"Dunkirk, NY (P532)",42.4755556,-79.73972222,Pisces,Round goby,Composite whole fish homogenate,1,62,10/23/19,2019,ND,ND,0.164310727,1.000801703,0.298746777,ND,ND,<0.051,ND,0.343558794,6.094434254,0.082155364,ND,0.224060083,0.530275529,0.888771662
#50 Ren et al (2023),LETroutPerch20190904001,8.27,5.514,NA,NA,NA,-22,14.2,Lake Erie,"Middle Bass Island, OH (P512)",41.5830556,-82.91638889,Pisces,Trout-perch,Composite whole fish homogenate,1,10,9/24/19,2019,ND,0.030299369,0.621137064,0.969579807,0.37116727,0.515089273,ND,0.159071687,0.166646529,1.386196131,11.77130485,0.242394952,ND,0.227245267,0.310568532,1.18167539
#50 Ren et al (2023),LETroutPerch20190904002,8.56,6.047,NA,NA,NA,-22,14.2,Lake Erie,"Middle Bass Island, OH (P512)",41.5830556,-82.91638889,Pisces,Trout-perch,Composite whole fish homogenate,1,10,9/24/19,2019,ND,0.022543408,0.495954984,1.217344051,0.41329582,0.736418006,<0.11,0.097688103,0.060115756,1.64566881,12.88731511,0.480926045,ND,0.187861736,0.368209003,0.991909968
#50 Ren et al (2023),LETroutPerch20190904003,8.78,5.903,NA,NA,NA,-22,14.2,Lake Erie,"Middle Bass Island, OH (P512)",41.5830556,-82.91638889,Pisces,Trout-perch,Composite whole fish homogenate,1,10,9/24/19,2019,ND,ND,0.644313563,1.10764017,0.470566085,0.448847651,<0.11,0.166507999,<0.059,1.303106082,11.33702292,0.224423825,ND,0.238902782,0.354734434,0.919413736
#50 Ren et al (2023),LEWalleye20190904F001,43.2,718,0,NA,3,-21.7,15.3,Lake Erie,"Middle Bass Island, OH (P512)",41.5830556,-82.91638889,Pisces,Walleye,Whole fish homogenate,1,1,10/9/19,2019,ND,ND,0.306708393,0.828112661,0.513736558,1.042808536,<0.11,0.061341679,0.368050072,0.222363585,15.98717499,ND,0.030670839,0.42939175,0.651755335,0.912457469
#50 Ren et al (2023),LEWalleye20190904F002,48.4,1017,1,NA,4,-21.7,15.3,Lake Erie,"Middle Bass Island, OH (P512)",41.5830556,-82.91638889,Pisces,Walleye,Whole fish homogenate,1,1,10/9/19,2019,ND,0.288445022,0.33521989,1.075821974,0.366403136,0.44436125,<0.11,0.093549737,<0.059,0.226078531,21.32154419,ND,ND,0.33521989,0.678235592,0.849743443
#50 Ren et al (2023),LEWalleye20190904F003,47.5,1013,1,NA,5,-21.7,15.3,Lake Erie,"Middle Bass Island, OH (P512)",41.5830556,-82.91638889,Pisces,Walleye,Whole fish homogenate,1,1,10/9/19,2019,ND,0.023329238,0.381044214,1.384201431,0.474361165,ND,<0.11,<0.051,0.09331695,0.303280089,17.62912722,ND,ND,0.342162152,0.61433659,1.112026992
#50 Ren et al (2023),LEWalleye20190904F004,49.1,1138,1,NA,7,-21.7,15.3,Lake Erie,"Middle Bass Island, OH (P512)",41.5830556,-82.91638889,Pisces,Walleye,Whole fish homogenate,1,1,10/9/19,2019,ND,0.175020121,0.258725397,0.585936928,0.403307236,ND,<0.11,<0.051,0.060876564,0.167410551,12.27423721,ND,ND,0.334821102,0.540279505,0.882710178
#50 Ren et al (2023),LEWalleye20190904F005,43.3,823,0,NA,4,-21.7,15.3,Lake Erie,"Middle Bass Island, OH (P512)",41.5830556,-82.91638889,Pisces,Walleye,Whole fish homogenate,1,1,10/9/19,2019,ND,0.039543058,0.44288225,0.964850615,0.458699473,ND,<0.11,<0.051,<0.059,0.19771529,17.69156415,ND,ND,0.34797891,0.5456942,0.972759227
#50 Ren et al (2023),LEWalleye20190904F006,44.5,826,0,NA,4,-21.7,15.3,Lake Erie,"Middle Bass Island, OH (P512)",41.5830556,-82.91638889,Pisces,Walleye,Whole fish homogenate,1,1,10/9/19,2019,ND,0.22340993,0.22340993,0.513842838,0.402137873,0.290432908,ND,<0.051,0.059575981,0.148939953,14.5886684,ND,ND,0.290432908,0.446819859,0.588312814
#50 Ren et al (2023),LEWalleye20190904F007,44.9,956,1,NA,5,-21.7,15.3,Lake Erie,"Middle Bass Island, OH (P512)",41.5830556,-82.91638889,Pisces,Walleye,Whole fish homogenate,1,1,10/9/19,2019,ND,ND,0.262872251,0.955102512,0.271634659,ND,ND,0.096386492,0.096386492,0.508219685,20.72309579,ND,ND,0.245347434,0.587081361,0.963864921
#50 Ren et al (2023),LEWalleye20190904F008,46.8,1038,0,NA,5,-21.7,15.3,Lake Erie,"Middle Bass Island, OH (P512)",41.5830556,-82.91638889,Pisces,Walleye,Whole fish homogenate,1,1,10/9/19,2019,ND,0.039885074,0.382896714,0.717931338,0.366942684,<0.059,ND,0.071793134,0.095724178,0.191448357,16.32097242,ND,ND,0.32705761,0.510528951,0.949264769
#50 Ren et al (2023),LEWalleye20190904F009,44.6,825,0,NA,4,-21.7,15.3,Lake Erie,"Middle Bass Island, OH (P512)",41.5830556,-82.91638889,Pisces,Walleye,Whole fish homogenate,1,1,10/9/19,2019,ND,0.237416601,0.386901127,1.275015079,0.518799239,0.747422632,<0.11,0.193450564,0.079138867,0.606731313,26.51152043,ND,ND,0.404487542,0.817768292,1.450879227
#50 Ren et al (2023),LEWalleye20190904F010LD_avg,42.9,775,0,NA,4,-21.7,15.3,Lake Erie,"Middle Bass Island, OH (P512)",41.5830556,-82.91638889,Pisces,Walleye,Whole fish homogenate,2,1,10/9/19,2019,ND,0.033676593,0.238062479,0.569790349,0.282785655,0.188404471,ND,0.051,0.109467857,0.135243218,13.37553372,<0.048,ND,0.271560124,0.403479044,0.658520909
#50 Ren et al (2023),LEWhitePerch20190424001,8.475,7.2775,NA,NA,NA,-23.5,14.7,Lake Erie,"Dunkirk, NY (P532)",42.4755556,-79.73972222,Pisces,White perch,Composite whole fish homogenate,1,4,10/23/19,2019,ND,ND,0.314295221,1.683724397,0.404093855,ND,ND,0.149664391,0.16463083,0.501375709,26.2286845,0.112248293,ND,0.089798635,0.32177844,1.668757958
#50 Ren et al (2023),LEWhitePerch20190424001_YOY,7.582608696,5.44826087,NA,Juvenile (YOY),NA,-23.2,13.7,Lake Erie,"Dunkirk, NY (P532)",42.4755556,-79.73972222,Pisces,White perch,Composite whole fish homogenate,1,23,10/28/19,2019,ND,ND,0.236230011,1.299265062,0.385842352,<0.059,ND,0.070869003,0.094492005,0.42521402,19.68583428,0.094492005,ND,<0.081,0.354345017,1.362259732
#50 Ren et al (2023),LEWhitePerch20190424002,7.96,6.362,NA,NA,NA,-23.5,14.7,Lake Erie,"Dunkirk, NY (P532)",42.4755556,-79.73972222,Pisces,White perch,Composite whole fish homogenate,1,5,10/23/19,2019,ND,ND,0.41913,1.917131667,0.60541,ND,<0.11,0.13971,0.09314,0.729596667,27.173595,0.09314,ND,0.147471667,0.403606667,1.567856667
#50 Ren et al (2023),LEWhitePerch20190424002_YOY,7.516666667,5.4975,NA,Juvenile (YOY),NA,-23.2,13.7,Lake Erie,"Dunkirk, NY (P532)",42.4755556,-79.73972222,Pisces,White perch,Composite whole fish homogenate,1,24,10/28/19,2019,ND,ND,0.179476654,1.084338119,0.396344278,ND,ND,0.082260133,0.082260133,0.366431502,14.84421494,0.074781939,ND,0.089738327,0.276693175,0.889905077
#50 Ren et al (2023),LEWhitePerch20190424003,7.96,6.058,NA,NA,NA,-23.5,14.7,Lake Erie,"Dunkirk, NY (P532)",42.4755556,-79.73972222,Pisces,White perch,Composite whole fish homogenate,1,5,10/23/19,2019,ND,ND,0.239961898,1.372282107,0.382439276,ND,ND,0.067489284,0.059990475,0.419933322,20.45675184,0.059990475,ND,<0.081,0.314949992,1.267298776
#50 Ren et al (2023),LEWhitePerch20190424003_YOY,7.216666667,4.935833333,NA,Juvenile (YOY),NA,-23.2,13.7,Lake Erie,"Dunkirk, NY (P532)",42.4755556,-79.73972222,Pisces,White perch,Composite whole fish homogenate,1,24,10/28/19,2019,ND,ND,0.232834225,1.081552529,0.315452821,ND,ND,0.090129377,0.112661722,0.36051751,14.28550632,0.060086252,ND,<0.081,0.307942039,1.179192688
#50 Ren et al (2023),LEWhitePerch20190904001LD_avg,8.21,7.282,NA,NA,NA,-21.7,14.4,Lake Erie,"Middle Bass Island, OH (P512)",41.5830556,-82.91638889,Pisces,White perch,Composite whole fish homogenate,2,10,9/24/19,2019,ND,ND,0.32889716,2.008729031,0.603110971,ND,ND,<0.051,<0.059,0.916189117,54.44618934,0.082195823,ND,0.18403257,0.485644989,1.014887156
#50 Ren et al (2023),LEWhitePerch20190904002,8.16,7.26,NA,NA,NA,-21.7,14.4,Lake Erie,"Middle Bass Island, OH (P512)",41.5830556,-82.91638889,Pisces,White perch,Composite whole fish homogenate,1,10,9/24/19,2019,ND,ND,0.296188845,1.959403131,0.470864318,ND,ND,0.0531621,<0.059,1.032863666,56.69358284,0.075945858,ND,0.14429713,0.440485975,0.812620678
#50 Ren et al (2023),LEWhitePerch20190904003,7.727272727,6.207272727,NA,NA,NA,-21.7,14.4,Lake Erie,"Middle Bass Island, OH (P512)",41.5830556,-82.91638889,Pisces,White perch,Composite whole fish homogenate,1,11,9/24/19,2019,ND,ND,0.310453635,2.00659057,0.499754633,ND,ND,0.090864479,0.090864479,0.885928667,54.74584838,0.060576319,ND,0.151440798,0.492182593,0.976793145
#50 Ren et al (2023),LEYellowPerch20190424001_YOY,7.164864865,2.985945946,NA,Juvenile (YOY),NA,-23.3,14.4,Lake Erie,"Dunkirk, NY (P532)",42.4755556,-79.73972222,Pisces,Yellow perch,Composite whole fish homogenate,1,37,10/28/19,2019,<0.052,ND,<0.12,0.609220949,0.132120206,0.836761303,ND,0.073400114,0.073400114,0.315620491,7.229911257,ND,ND,0.10276016,0.20552032,0.682621063
#50 Ren et al (2023),LEYellowPerch20190424002_YOY,6.740540541,2.814324324,NA,Juvenile (YOY),NA,-23.3,14.4,Lake Erie,"Dunkirk, NY (P532)",42.4755556,-79.73972222,Pisces,Yellow perch,Composite whole fish homogenate,1,37,10/28/19,2019,0.070328358,0.03907131,0.11721393,0.750169154,0.171913765,0.343827529,ND,0.070328358,0.093771144,0.359456053,9.220829187,ND,ND,0.11721393,0.312570481,0.976782753
#50 Ren et al (2023),LEYellowPerch20190424003_YOY,6.702702703,2.862972973,NA,Juvenile (YOY),NA,-23.3,14.4,Lake Erie,"Dunkirk, NY (P532)",42.4755556,-79.73972222,Pisces,Yellow perch,Composite whole fish homogenate,1,37,10/28/19,2019,0.084591013,<0.021,0.153801841,0.684418194,0.130731565,0.638277642,ND,<0.051,ND,0.330673959,7.667021795,ND,ND,<0.081,0.269153223,0.907430864
#50 Ren et al (2023),LEYellowPerch20190904001,8.03,5.541,NA,NA,NA,-21.6,14.4,Lake Erie,"Middle Bass Island, OH (P512)",41.5830556,-82.91638889,Pisces,Yellow perch,Composite whole fish homogenate,1,10,9/24/19,2019,ND,ND,0.509212954,2.538108318,0.731993621,ND,<0.11,0.135259691,0.763819431,2.458543794,85.90581664,<0.048,0.143216143,0.318258096,0.564908121,1.280988838
#50 Ren et al (2023),LEYellowPerch20190904002,7.93,5.755,NA,NA,NA,-21.6,14.4,Lake Erie,"Middle Bass Island, OH (P512)",41.5830556,-82.91638889,Pisces,Yellow perch,Composite whole fish homogenate,1,10,9/24/19,2019,ND,ND,0.582434682,2.322075115,0.620752754,ND,<0.11,0.168599513,0.835333952,2.115157531,81.20365651,0.137945056,ND,0.291217341,0.528789383,1.502068391
#50 Ren et al (2023),LEYellowPerch20190904003,7.84,5.432,NA,NA,NA,-21.6,14.4,Lake Erie,"Middle Bass Island, OH (P512)",41.5830556,-82.91638889,Pisces,Yellow perch,Composite whole fish homogenate,1,10,9/24/19,2019,0.061814634,ND,0.41724878,2.078517073,0.502243902,ND,<0.11,0.154536585,0.687687805,2.047609756,69.91235122,0.061814634,ND,0.285892683,0.502243902,1.074029268