Author (Citation),Sample ID,Total Length (cm),Total Weight (g),Maturity,d13C,d15N,Waterbody,Region,Location,Latitude,Longitude,Latitude 2,Longitude 2,Class,Species,Tissue,N,n,Collection Date,Sampling Year,PFBA,PFPeA,PFHxA,PFHpA,PFOA,PFNA,PFDA,PFUnA,PFDoA,PFTrDA,PFTeDA,PFHxDA,PFPrS,PFBS,PFPeS,PFHxS,PFHpS,PFOS,PFNS,PFDS,PFDoS,FBSA,FHxSA,PFOSA,NMeFBSA,NMeFOSA,NEtFOSA,FOSAA,NMeFOSAA,NEtFOSAA,3:3 FTCA,5:3 FTCA,7:3 FTCA,6:2 FTCA,8:2 FTCA,10:2 FTCA,4:2 FTSA,6:2 FTSA,8:2 FTSA,10:2 FTSA,Gen-X,ADONA,6:2 Cl-PFESA,8:2 Cl-PFESA,Cl-PFOS,PFEtCHxS,PFHxPA,PFOPA,6:2 diPAP,PFHxSAm,PFOSAm,PFHxSAmS,PFOSAmS,PFOANO,PFOSNO,PFOAB,PFOSB,5:3 FTB,5:1:2 FTB,6:2 FTAB
#8 Munoz et al (2022),CAREX-1,NA,NA,NA,-27.98,2.45,Lake Ontario,St. Lawrence River,Ilet Vert,45.70575134,-73.45269049,45.7160065,-73.44774639,Plantae (Magnoliopsida),Carex spp.,Plant sample homogenate,1,1,9/19/19,2019,<0.126,<0.03,<0.016,<0.02,<0.013,<0.01,<0.007,<0.008,<0.015,0.01,<0.022,<0.591,<0.017,<0.005,<0.006,<0.005,<0.007,0.272,<0.007,<0.011,<0.005,<0.006,<0.016,<0.023,<0.02,<0.01,<0.013,<0.161,<0.011,<0.008,<0.163,<0.071,<0.032,<0.108,<0.127,<0.034,<0.014,<0.054,<0.014,<0.086,<0.414,<0.016,<0.014,<0.011,<0.009,<0.009,<0.023,<0.016,<0.004,<0.035,<0.036,<0.021,<0.034,<0.058,<0.047,<0.081,<0.161,<0.027,<0.03,<0.053
#8 Munoz et al (2022),CAREX-2,NA,NA,NA,-27,2.37,Lake Ontario,St. Lawrence River,Ilet Vert,45.70575134,-73.45269049,45.7160065,-73.44774639,Plantae (Magnoliopsida),Carex spp.,Plant sample homogenate,1,1,9/19/19,2019,<0.126,<0.03,<0.016,<0.02,<0.013,<0.01,<0.007,<0.008,0.1,<0.009,<0.022,<0.591,<0.017,<0.005,<0.006,<0.005,<0.007,0.058,<0.007,<0.011,<0.005,<0.006,<0.016,<0.023,<0.02,<0.01,<0.013,<0.161,<0.011,<0.008,<0.163,<0.071,<0.032,<0.108,<0.127,<0.034,<0.014,<0.054,<0.014,<0.086,<0.414,<0.016,<0.014,<0.011,<0.009,<0.009,<0.023,<0.016,<0.004,<0.035,<0.036,<0.021,<0.034,<0.058,<0.047,<0.081,<0.161,<0.027,<0.03,<0.053
#8 Munoz et al (2022),CAREX-3,NA,NA,NA,-27.63,5.04,Lake Ontario,St. Lawrence River,Iles Robinet,45.73941602,-73.42910357,45.7160065,-73.44774639,Plantae (Magnoliopsida),Carex spp.,Plant sample homogenate,1,1,9/19/19,2019,<0.126,<0.03,<0.016,0.061,<0.013,<0.01,<0.007,<0.008,0.144,<0.009,<0.022,<0.591,<0.017,<0.005,<0.006,<0.005,<0.007,0.075,<0.007,<0.011,<0.005,<0.006,<0.016,<0.023,<0.02,<0.01,<0.013,<0.161,<0.011,<0.008,0.173,<0.071,<0.032,<0.108,<0.127,<0.034,<0.014,<0.054,<0.014,<0.086,<0.414,<0.016,<0.014,<0.011,<0.009,<0.009,<0.023,<0.016,<0.004,<0.035,<0.036,<0.021,<0.034,<0.058,<0.047,<0.081,<0.161,<0.027,<0.03,<0.053
#8 Munoz et al (2022),CAREX-4,NA,NA,NA,-29.14,4.97,Lake Ontario,St. Lawrence River,Ile Beauregard,45.75109236,-73.41078688,45.7160065,-73.44774639,Plantae (Magnoliopsida),Carex spp.,Plant sample homogenate,1,1,9/19/19,2019,<0.126,<0.03,<0.016,0.074,0.019,0.032,0.014,0.009,<0.015,<0.009,<0.022,<0.591,<0.017,<0.005,<0.006,<0.005,<0.007,0.359,<0.007,<0.011,<0.005,<0.006,<0.016,<0.023,<0.02,<0.01,<0.013,<0.161,<0.011,<0.008,<0.163,<0.071,<0.032,<0.108,<0.127,<0.034,<0.014,<0.054,<0.014,<0.086,<0.414,<0.016,<0.014,<0.011,<0.009,<0.009,<0.023,<0.016,<0.004,<0.035,<0.036,<0.021,<0.034,<0.058,<0.047,<0.081,<0.161,<0.027,<0.03,<0.053
#8 Munoz et al (2022),CAREX-5,NA,NA,NA,-28.68,4.35,Lake Ontario,St. Lawrence River,Iles de Boucherville,45.61042111,-73.4832161,45.7160065,-73.44774639,Plantae (Magnoliopsida),Carex spp.,Plant sample homogenate,1,1,9/19/19,2019,<0.126,<0.03,<0.016,<0.02,<0.013,0.04,<0.007,0.03,0.499,0.028,0.069,<0.591,<0.017,<0.005,<0.006,<0.005,<0.007,0.295,<0.007,<0.011,<0.005,<0.006,<0.016,<0.023,<0.02,<0.01,<0.013,<0.161,<0.011,<0.008,0.228,<0.071,<0.032,<0.108,<0.127,<0.034,<0.014,<0.054,<0.014,<0.086,<0.414,<0.016,<0.014,<0.011,<0.009,<0.009,<0.023,<0.016,<0.004,<0.035,<0.036,<0.021,<0.034,<0.058,<0.047,<0.081,<0.161,<0.027,<0.03,<0.053
#8 Munoz et al (2022),HEDU-1,NA,NA,NA,-14.35,8.3,Lake Ontario,St. Lawrence River,Ilet Vert,45.70575134,-73.45269049,45.7160065,-73.44774639,Plantae (Magnoliopsida),Water stargrass,Plant sample homogenate,1,1,9/19/19,2019,0.154,<0.03,<0.016,<0.02,0.106,0.191,0.134,0.095,0.026,<0.009,<0.022,<0.591,<0.017,<0.005,<0.006,<0.005,<0.007,1.508,<0.007,0.015,<0.005,<0.006,<0.016,<0.023,<0.02,<0.01,<0.013,<0.161,<0.011,0.014,<0.163,<0.071,<0.032,<0.108,<0.127,<0.034,<0.014,<0.054,<0.014,<0.086,<0.414,<0.016,<0.014,<0.011,<0.009,<0.009,<0.023,<0.016,<0.004,<0.035,<0.036,<0.021,<0.034,<0.058,<0.047,<0.081,<0.161,<0.027,<0.03,<0.053
#8 Munoz et al (2022),HEDU-2,NA,NA,NA,-8.87,6.29,Lake Ontario,St. Lawrence River,Ilet Vert,45.70575134,-73.45269049,45.7160065,-73.44774639,Plantae (Magnoliopsida),Water stargrass,Plant sample homogenate,1,1,9/19/19,2019,0.248,<0.03,<0.016,<0.02,0.056,0.089,0.069,0.024,0.039,<0.009,<0.022,<0.591,<0.017,<0.005,<0.006,<0.005,<0.007,0.885,<0.007,<0.011,<0.005,<0.006,<0.016,<0.023,<0.02,<0.01,<0.013,<0.161,<0.011,<0.008,<0.163,<0.071,<0.032,<0.108,<0.127,<0.034,<0.014,<0.054,<0.014,<0.086,<0.414,<0.016,<0.014,<0.011,<0.009,<0.009,<0.023,<0.016,<0.004,<0.035,<0.036,<0.021,<0.034,<0.058,<0.047,<0.081,<0.161,<0.027,<0.03,<0.053
#8 Munoz et al (2022),HEDU-3,NA,NA,NA,-9.34,5.62,Lake Ontario,St. Lawrence River,Iles Robinet,45.73941602,-73.42910357,45.7160065,-73.44774639,Plantae (Magnoliopsida),Water stargrass,Plant sample homogenate,1,1,9/19/19,2019,<0.126,<0.03,<0.016,<0.02,0.063,0.086,0.058,0.058,0.035,0.03,0.037,<0.591,<0.017,<0.005,<0.006,<0.005,<0.007,0.868,<0.007,0.021,<0.005,<0.006,<0.016,<0.023,<0.02,<0.01,<0.013,<0.161,<0.011,<0.008,<0.163,<0.071,<0.032,<0.108,<0.127,<0.034,<0.014,<0.054,<0.014,<0.086,<0.414,<0.016,<0.014,<0.011,<0.009,<0.009,<0.023,<0.016,<0.004,<0.035,<0.036,<0.021,<0.034,<0.058,<0.047,<0.081,<0.161,<0.027,<0.03,<0.053
#8 Munoz et al (2022),HEDU-4,NA,NA,NA,-10.42,6.84,Lake Ontario,St. Lawrence River,Ile Beauregard,45.75109236,-73.41078688,45.7160065,-73.44774639,Plantae (Magnoliopsida),Water stargrass,Plant sample homogenate,1,1,9/19/19,2019,0.148,<0.03,<0.016,<0.02,0.187,0.46,0.327,0.117,<0.015,<0.009,<0.022,<0.591,<0.017,<0.005,<0.006,<0.005,<0.007,3.296,<0.007,<0.011,<0.005,<0.006,<0.016,<0.023,<0.02,<0.01,<0.013,<0.161,<0.011,0.011,<0.163,<0.071,<0.032,<0.108,<0.127,<0.034,<0.014,<0.054,<0.014,<0.086,<0.414,<0.016,<0.014,<0.011,<0.009,<0.009,<0.023,<0.016,<0.004,<0.035,<0.036,<0.021,<0.034,<0.058,<0.047,<0.081,<0.161,<0.027,<0.03,<0.053
#8 Munoz et al (2022),HEDU-5,NA,NA,NA,-9.26,6.39,Lake Ontario,St. Lawrence River,Iles de Boucherville,45.61042111,-73.4832161,45.7160065,-73.44774639,Plantae (Magnoliopsida),Water stargrass,Plant sample homogenate,1,1,9/19/19,2019,0.196,<0.03,<0.016,<0.02,0.114,0.166,0.113,0.033,0.025,<0.009,<0.022,<0.591,<0.017,<0.005,<0.006,0.007,<0.007,1.22,<0.007,<0.011,<0.005,<0.006,<0.016,<0.023,<0.02,<0.01,<0.013,<0.161,<0.011,0.012,<0.163,<0.071,<0.032,<0.108,<0.127,<0.034,<0.014,<0.054,<0.014,<0.086,<0.414,<0.016,<0.014,<0.011,<0.009,<0.009,<0.023,<0.016,<0.004,<0.035,<0.036,<0.021,<0.034,<0.058,<0.047,<0.081,<0.161,<0.027,<0.03,<0.053
#8 Munoz et al (2022),PORI-1,NA,NA,NA,-16.24,5.47,Lake Ontario,St. Lawrence River,Ilet Vert,45.70575134,-73.45269049,45.7160065,-73.44774639,Plantae (Magnoliopsida),Richardson's pondweed,Plant sample homogenate,1,1,9/19/19,2019,<0.126,<0.03,<0.016,<0.02,0.046,0.076,0.102,0.024,0.028,0.01,<0.022,<0.591,<0.017,<0.005,<0.006,<0.005,<0.007,1.105,<0.007,0.017,<0.005,<0.006,<0.016,<0.023,<0.02,<0.01,<0.013,<0.161,<0.011,<0.008,<0.163,<0.071,<0.032,<0.108,<0.127,<0.034,<0.014,<0.054,<0.014,<0.086,<0.414,<0.016,<0.014,<0.011,<0.009,<0.009,<0.023,<0.016,0.017,<0.035,<0.036,<0.021,<0.034,<0.058,<0.047,<0.081,<0.161,<0.027,<0.03,<0.053
#8 Munoz et al (2022),PORI-2,NA,NA,NA,-13.62,3.87,Lake Ontario,St. Lawrence River,Ilet Vert,45.70575134,-73.45269049,45.7160065,-73.44774639,Plantae (Magnoliopsida),Richardson's pondweed,Plant sample homogenate,1,1,9/19/19,2019,<0.126,<0.03,<0.016,<0.02,<0.013,0.023,0.043,0.008,<0.015,<0.009,<0.022,<0.591,<0.017,<0.005,<0.006,<0.005,<0.007,0.793,<0.007,<0.011,<0.005,<0.006,<0.016,<0.023,<0.02,<0.01,<0.013,<0.161,<0.011,<0.008,<0.163,<0.071,<0.032,<0.108,<0.127,<0.034,<0.014,<0.054,<0.014,<0.086,<0.414,<0.016,<0.014,<0.011,<0.009,<0.009,<0.023,<0.016,<0.004,<0.035,<0.036,<0.021,<0.034,<0.058,<0.047,<0.081,<0.161,<0.027,<0.03,<0.053
#8 Munoz et al (2022),PORI-3,NA,NA,NA,-12,5.41,Lake Ontario,St. Lawrence River,Iles Robinet,45.73941602,-73.42910357,45.7160065,-73.44774639,Plantae (Magnoliopsida),Richardson's pondweed,Plant sample homogenate,1,1,9/19/19,2019,0.155,<0.03,<0.016,<0.02,0.06,0.073,0.042,0.08,0.064,0.036,0.061,<0.591,<0.017,<0.005,<0.006,<0.005,<0.007,0.619,<0.007,<0.011,<0.005,<0.006,<0.016,<0.023,<0.02,<0.01,<0.013,<0.161,<0.011,<0.008,<0.163,<0.071,<0.032,<0.108,<0.127,<0.034,<0.014,<0.054,<0.014,<0.086,<0.414,<0.016,<0.014,<0.011,<0.009,<0.009,<0.023,<0.016,<0.004,<0.035,<0.036,<0.021,<0.034,<0.058,<0.047,<0.081,<0.161,<0.027,<0.03,<0.053
#8 Munoz et al (2022),PORI-4,NA,NA,NA,-13.78,6.4,Lake Ontario,St. Lawrence River,Ile Beauregard,45.75109236,-73.41078688,45.7160065,-73.44774639,Plantae (Magnoliopsida),Richardson's pondweed,Plant sample homogenate,1,1,9/19/19,2019,<0.126,<0.03,<0.016,<0.02,0.079,0.187,0.145,0.074,0.036,0.015,<0.022,<0.591,<0.017,<0.005,<0.006,<0.005,<0.007,1.805,<0.007,<0.011,<0.005,<0.006,<0.016,<0.023,<0.02,<0.01,<0.013,<0.161,<0.011,<0.008,<0.163,<0.071,<0.032,<0.108,<0.127,<0.034,<0.014,<0.054,<0.014,<0.086,<0.414,<0.016,<0.014,<0.011,<0.009,<0.009,<0.023,<0.016,<0.004,<0.035,<0.036,<0.021,<0.034,<0.058,<0.047,<0.081,<0.161,<0.027,<0.03,<0.053
#8 Munoz et al (2022),PORI-5,NA,NA,NA,-13.08,5.51,Lake Ontario,St. Lawrence River,Iles de Boucherville,45.61042111,-73.4832161,45.7160065,-73.44774639,Plantae (Magnoliopsida),Richardson's pondweed,Plant sample homogenate,1,1,9/19/19,2019,0.14,<0.03,<0.016,<0.02,0.033,0.089,0.073,0.047,0.029,<0.009,<0.022,<0.591,<0.017,<0.005,<0.006,<0.005,<0.007,0.928,<0.007,<0.011,<0.005,<0.006,<0.016,<0.023,<0.02,<0.01,<0.013,<0.161,<0.011,<0.008,<0.163,<0.071,<0.032,<0.108,<0.127,<0.034,<0.014,<0.054,<0.014,<0.086,<0.414,<0.016,<0.014,<0.011,<0.009,<0.009,<0.023,<0.016,<0.004,<0.035,<0.036,<0.021,<0.034,<0.058,<0.047,<0.081,<0.161,<0.027,<0.03,<0.053
#8 Munoz et al (2022),Crayfish-1,NA,NA,NA,-19.02,6.78,Lake Ontario,St. Lawrence River,Ilet Vert,45.70575134,-73.45269049,45.7160065,-73.44774639,Astacoidea,Astacoidea crayfish,Bulk composite,1,NA,9/19/19,2019,0.927,0.031,<0.016,0.17,1.978,1.469,1.142,1.567,1.181,1.428,0.557,<0.591,<0.017,<0.005,<0.006,0.286,<0.007,4.864,<0.007,0.07,<0.005,0.025,<0.016,0.1,<0.02,<0.01,<0.013,<0.161,<0.011,<0.008,<0.163,<0.071,<0.032,<0.108,<0.127,<0.034,<0.014,<0.054,<0.014,<0.086,<0.414,<0.016,<0.014,<0.011,<0.009,0.025,<0.023,<0.016,<0.004,<0.035,<0.036,<0.021,<0.034,<0.058,<0.047,<0.081,<0.161,<0.027,<0.03,<0.053
#8 Munoz et al (2022),Crayfish-2,NA,NA,NA,-19.7,8.63,Lake Ontario,St. Lawrence River,Iles de Boucherville,45.61042111,-73.4832161,45.7160065,-73.44774639,Astacoidea,Astacoidea crayfish,Bulk composite,1,NA,9/19/19,2019,<0.126,<0.03,<0.016,<0.02,0.415,0.47,0.539,0.654,0.489,0.65,0.201,<0.591,<0.017,<0.005,<0.006,0.032,<0.007,3.884,<0.007,0.014,<0.005,0.016,<0.016,0.075,<0.02,<0.01,<0.013,<0.161,<0.011,<0.008,<0.163,<0.071,<0.032,<0.108,<0.127,<0.034,<0.014,<0.054,0.023,<0.086,<0.414,<0.016,<0.014,<0.011,<0.009,<0.009,<0.023,<0.016,<0.004,<0.035,<0.036,<0.021,<0.034,<0.058,<0.047,<0.081,<0.161,<0.027,<0.03,<0.053
#8 Munoz et al (2022),Crayfish-3,NA,NA,NA,-27.51,7.99,Lake Ontario,St. Lawrence River,Iles de Boucherville,45.61042111,-73.4832161,45.7160065,-73.44774639,Astacoidea,Astacoidea crayfish,Bulk composite,1,NA,9/19/19,2019,<0.126,<0.03,<0.016,<0.02,<0.013,0.516,0.683,0.781,0.531,0.763,0.227,<0.591,<0.017,<0.005,<0.006,<0.005,<0.007,4.093,<0.007,0.018,<0.005,<0.006,0.035,0.119,<0.02,<0.01,<0.013,<0.161,<0.011,<0.008,<0.163,<0.071,<0.032,<0.108,<0.127,<0.034,<0.014,<0.054,0.019,<0.086,<0.414,<0.016,<0.014,<0.011,<0.009,<0.009,<0.023,<0.016,<0.004,<0.035,<0.036,<0.021,<0.034,<0.058,<0.047,<0.081,<0.161,<0.027,0.04,<0.053
#8 Munoz et al (2022),Crayfish-4,NA,NA,NA,-20.95,9.08,Lake Ontario,St. Lawrence River,Iles de Boucherville,45.61042111,-73.4832161,45.7160065,-73.44774639,Astacoidea,Astacoidea crayfish,Bulk composite,1,NA,9/19/19,2019,<0.126,<0.03,<0.016,<0.02,0.501,0.927,0.939,1.325,0.872,1.088,0.177,<0.591,<0.017,<0.005,<0.006,0.03,<0.007,3.959,<0.007,0.013,<0.005,0.057,<0.016,0.051,<0.02,<0.01,<0.013,<0.161,<0.011,<0.008,<0.163,<0.071,<0.032,<0.108,<0.127,<0.034,<0.014,<0.054,<0.014,<0.086,<0.414,<0.016,<0.014,<0.011,<0.009,<0.009,<0.023,<0.016,<0.004,<0.035,<0.036,<0.021,<0.034,<0.058,<0.047,<0.081,<0.161,<0.027,<0.03,<0.053
#8 Munoz et al (2022),Crayfish-5,NA,NA,NA,-24.31,9.38,Lake Ontario,St. Lawrence River,Iles de Boucherville,45.61042111,-73.4832161,45.7160065,-73.44774639,Astacoidea,Astacoidea crayfish,Bulk composite,1,NA,9/19/19,2019,<0.126,<0.03,<0.016,<0.02,0.449,1.041,1.392,1.51,0.954,1.107,0.304,<0.591,<0.017,<0.005,<0.006,0.041,<0.007,7.171,<0.007,0.068,<0.005,0.055,<0.016,0.121,<0.02,<0.01,<0.013,<0.161,<0.011,<0.008,<0.163,<0.071,<0.032,<0.108,<0.127,<0.034,<0.014,<0.054,<0.014,<0.086,<0.414,<0.016,<0.014,<0.011,<0.009,<0.009,<0.023,<0.016,<0.004,<0.035,<0.036,<0.021,<0.034,<0.058,<0.047,<0.081,<0.161,<0.027,<0.03,<0.053
#8 Munoz et al (2022),Insects-1,NA,NA,NA,-24.7,8.87,Lake Ontario,St. Lawrence River,Iles de Boucherville,45.61042111,-73.4832161,45.7160065,-73.44774639,Insecta,Aquatic insects,Bulk composite,1,NA,9/19/19,2019,27.889,<0.03,2.868,0.059,3.73,5.743,4.102,3.498,1.127,0.609,<0.022,<0.591,<0.017,0.225,<0.006,0.266,0.1,61.053,<0.007,0.507,<0.005,0.054,<0.016,<0.023,<0.02,<0.01,<0.013,<0.161,0.248,0.271,<0.163,<0.071,<0.032,<0.108,<0.127,<0.034,<0.014,<0.054,<0.014,<0.086,<0.414,<0.016,<0.014,<0.011,<0.009,0.197,<0.023,<0.016,0.026,<0.035,<0.036,<0.021,<0.034,<0.058,<0.047,<0.081,<0.161,<0.027,<0.03,<0.053
#8 Munoz et al (2022),Insects-2,NA,NA,NA,-22.4,9.24,Lake Ontario,St. Lawrence River,Iles de Boucherville,45.61042111,-73.4832161,45.7160065,-73.44774639,Insecta,Aquatic insects,Bulk composite,1,NA,9/19/19,2019,1.163,<0.03,0.145,<0.02,1.147,1.998,2.483,1.913,0.576,0.431,<0.022,<0.591,<0.017,0.051,<0.006,0.162,0.044,32.293,<0.007,0.335,<0.005,<0.006,<0.016,0.093,<0.02,<0.01,<0.013,<0.161,<0.011,0.073,<0.163,<0.071,<0.032,<0.108,<0.127,<0.034,<0.014,<0.054,<0.014,<0.086,<0.414,<0.016,<0.014,<0.011,<0.009,0.155,<0.023,<0.016,<0.004,<0.035,<0.036,<0.021,<0.034,<0.058,<0.047,<0.081,<0.161,<0.027,<0.03,<0.053
#8 Munoz et al (2022),Insects-3,NA,NA,NA,-25.46,8.6,Lake Ontario,St. Lawrence River,Iles de Boucherville,45.61042111,-73.4832161,45.7160065,-73.44774639,Insecta,Aquatic insects,Bulk composite,1,NA,9/19/19,2019,<0.126,<0.03,<0.016,0.049,2.197,3.085,2.849,2.352,0.782,0.652,<0.022,<0.591,<0.017,<0.005,<0.006,0.168,0.091,45.943,<0.007,0.474,<0.005,0.078,<0.016,0.443,<0.02,<0.01,<0.013,<0.161,0.077,0.253,<0.163,<0.071,<0.032,<0.108,<0.127,<0.034,<0.014,<0.054,<0.014,<0.086,<0.414,<0.016,<0.014,<0.011,<0.009,0.048,<0.023,<0.016,<0.004,<0.035,<0.036,<0.021,<0.034,<0.058,<0.047,<0.081,<0.161,<0.027,<0.03,<0.053
#8 Munoz et al (2022),Insects-4,NA,NA,NA,-22.07,10.25,Lake Ontario,St. Lawrence River,Iles de Boucherville,45.61042111,-73.4832161,45.7160065,-73.44774639,Insecta,Aquatic insects,Bulk composite,1,NA,9/19/19,2019,29.301,<0.03,0.166,<0.02,0.191,1.02,2.454,2.19,0.82,0.335,<0.022,<0.591,<0.017,0.17,<0.006,0.166,0.039,29.137,<0.007,0.405,<0.005,0.029,0.078,0.436,<0.02,<0.01,<0.013,<0.161,<0.011,<0.008,<0.163,<0.071,<0.032,<0.108,<0.127,<0.034,<0.014,<0.054,<0.014,<0.086,<0.414,<0.016,<0.014,<0.011,<0.009,0.132,<0.023,<0.016,<0.004,<0.035,<0.036,<0.021,<0.034,<0.058,<0.047,<0.081,<0.161,<0.027,<0.03,<0.053
#8 Munoz et al (2022),Insects-5,NA,NA,NA,-21.78,8.96,Lake Ontario,St. Lawrence River,Iles de Boucherville,45.61042111,-73.4832161,45.7160065,-73.44774639,Insecta,Aquatic insects,Bulk composite,1,NA,9/19/19,2019,10.693,<0.03,2.313,<0.02,1.675,3.294,3.846,2.642,0.902,0.74,0.066,<0.591,<0.017,0.115,<0.006,0.203,<0.007,45.113,<0.007,0.384,<0.005,0.041,<0.016,<0.023,<0.02,<0.01,<0.013,<0.161,<0.011,<0.008,<0.163,<0.071,<0.032,<0.108,<0.127,<0.034,<0.014,<0.054,<0.014,<0.086,<0.414,<0.016,<0.014,<0.011,<0.009,0.091,<0.023,<0.016,<0.004,<0.035,<0.036,<0.021,<0.034,<0.058,<0.047,<0.081,<0.161,<0.027,<0.03,<0.053
#8 Munoz et al (2022),Gammarids-1,NA,NA,NA,-18.73,5.59,Lake Ontario,St. Lawrence River,Ilet Vert,45.70575134,-73.45269049,45.7160065,-73.44774639,"Shrimp, water fleas, and allies",Gammarids (Amphipods),Bulk composite,1,NA,9/19/19,2019,<0.126,<0.03,<0.016,<0.02,1.269,1.798,1.044,0.708,0.511,0.452,0.149,<0.591,<0.017,<0.005,<0.006,<0.005,0.01,12.141,<0.007,0.196,<0.005,<0.006,<0.016,<0.023,<0.02,<0.01,<0.013,<0.161,0.04,0.091,<0.163,<0.071,<0.032,<0.108,<0.127,<0.034,<0.014,<0.054,<0.014,<0.086,<0.414,<0.016,<0.014,<0.011,<0.009,<0.009,<0.023,<0.016,0.02,<0.035,<0.036,<0.021,<0.034,<0.058,<0.047,<0.081,<0.161,<0.027,<0.03,<0.053
#8 Munoz et al (2022),Gammarids-2,NA,NA,NA,-18.04,6.28,Lake Ontario,St. Lawrence River,Ilet Vert,45.70575134,-73.45269049,45.7160065,-73.44774639,"Shrimp, water fleas, and allies",Gammarids (Amphipods),Bulk composite,1,NA,9/19/19,2019,<0.126,0.05,<0.016,<0.02,1.447,2.18,1.158,0.898,0.524,0.453,0.106,<0.591,<0.017,<0.005,<0.006,<0.005,<0.007,13.598,<0.007,0.133,<0.005,<0.006,<0.016,<0.023,<0.02,<0.01,<0.013,<0.161,0.078,0.054,<0.163,<0.071,<0.032,<0.108,<0.127,<0.034,<0.014,<0.054,<0.014,<0.086,<0.414,<0.016,<0.014,<0.011,<0.009,<0.009,<0.023,<0.016,<0.004,<0.035,<0.036,<0.021,<0.034,<0.058,<0.047,<0.081,<0.161,<0.027,<0.03,<0.053
#8 Munoz et al (2022),Gammarids-3,NA,NA,NA,-23.13,6.06,Lake Ontario,St. Lawrence River,Ilet Vert,45.70575134,-73.45269049,45.7160065,-73.44774639,"Shrimp, water fleas, and allies",Gammarids (Amphipods),Bulk composite,1,NA,9/19/19,2019,<0.126,<0.03,<0.016,<0.02,0.58,1.365,0.797,1.037,0.644,0.515,0.23,<0.591,<0.017,<0.005,<0.006,0.074,<0.007,13.666,<0.007,0.255,<0.005,<0.006,<0.016,<0.023,<0.02,<0.01,<0.013,<0.161,0.05,0.069,<0.163,<0.071,<0.032,<0.108,<0.127,<0.034,<0.014,<0.054,<0.014,<0.086,<0.414,<0.016,<0.014,<0.011,<0.009,<0.009,<0.023,<0.016,0.107,<0.035,<0.036,<0.021,<0.034,<0.058,<0.047,<0.081,<0.161,<0.027,<0.03,<0.053
#8 Munoz et al (2022),Gammarids-4,NA,NA,NA,-23.37,6.25,Lake Ontario,St. Lawrence River,Ilet Vert,45.70575134,-73.45269049,45.7160065,-73.44774639,"Shrimp, water fleas, and allies",Gammarids (Amphipods),Bulk composite,1,NA,9/19/19,2019,<0.126,<0.03,<0.016,<0.02,0.54,1.124,0.623,0.737,0.576,0.449,0.206,<0.591,<0.017,<0.005,<0.006,<0.005,<0.007,10.103,<0.007,0.268,<0.005,<0.006,<0.016,0.045,<0.02,<0.01,<0.013,<0.161,0.065,0.073,<0.163,<0.071,<0.032,<0.108,<0.127,<0.034,<0.014,<0.054,<0.014,<0.086,<0.414,<0.016,<0.014,<0.011,<0.009,<0.009,<0.023,<0.016,0.082,<0.035,<0.036,<0.021,<0.034,<0.058,<0.047,<0.081,<0.161,<0.027,<0.03,<0.053
#8 Munoz et al (2022),Gammarids-5,NA,NA,NA,-19.52,6.32,Lake Ontario,St. Lawrence River,Ilet Vert,45.70575134,-73.45269049,45.7160065,-73.44774639,"Shrimp, water fleas, and allies",Gammarids (Amphipods),Bulk composite,1,NA,9/19/19,2019,<0.126,<0.03,<0.016,<0.02,0.747,1.207,0.921,0.986,0.632,0.474,0.21,<0.591,<0.017,<0.005,<0.006,<0.005,<0.007,10.03,<0.007,0.177,<0.005,<0.006,<0.016,<0.023,<0.02,<0.01,<0.013,<0.161,0.06,0.06,<0.163,<0.071,<0.032,<0.108,<0.127,<0.034,<0.014,<0.054,<0.014,<0.086,<0.414,<0.016,<0.014,<0.011,<0.009,<0.009,<0.023,<0.016,0.018,<0.035,<0.036,<0.021,<0.034,<0.058,<0.047,<0.081,<0.161,<0.027,<0.03,<0.053
#8 Munoz et al (2022),Molluscs-1,NA,NA,NA,-14.32,6.47,Lake Ontario,St. Lawrence River,Iles de Boucherville,45.61042111,-73.4832161,45.7160065,-73.44774639,Gastropoda,Aquatic snails,Bulk composite,1,NA,9/19/19,2019,<0.126,<0.03,<0.016,<0.02,2.535,0.42,0.155,0.206,0.124,0.067,0.03,<0.591,<0.017,0.054,0.046,3.067,0.101,8.977,<0.007,0.05,<0.005,<0.006,0.036,<0.023,<0.02,<0.01,<0.013,<0.161,<0.011,0.113,<0.163,<0.071,<0.032,<0.108,<0.127,<0.034,<0.014,0.714,0.161,<0.086,<0.414,<0.016,<0.014,<0.011,<0.009,0.83,<0.023,<0.016,<0.004,<0.035,<0.036,<0.021,<0.034,<0.058,<0.047,<0.081,<0.161,<0.027,<0.03,<0.053
#8 Munoz et al (2022),Molluscs-2,NA,NA,NA,-16.3,8.07,Lake Ontario,St. Lawrence River,Iles de Boucherville,45.61042111,-73.4832161,45.7160065,-73.44774639,Gastropoda,Aquatic snails,Bulk composite,1,NA,9/19/19,2019,<0.126,<0.03,<0.016,<0.02,0.084,0.137,0.282,0.43,0.177,0.125,0.082,<0.591,<0.017,<0.005,<0.006,<0.005,<0.007,0.927,<0.007,0.019,<0.005,<0.006,<0.016,<0.023,<0.02,<0.01,<0.013,<0.161,<0.011,0.135,<0.163,<0.071,<0.032,<0.108,<0.127,<0.034,<0.014,<0.054,0.137,<0.086,<0.414,<0.016,<0.014,<0.011,<0.009,<0.009,<0.023,<0.016,<0.004,<0.035,<0.036,<0.021,<0.034,<0.058,<0.047,<0.081,<0.161,<0.027,<0.03,<0.053
#8 Munoz et al (2022),Molluscs-3,NA,NA,NA,-11.32,7.44,Lake Ontario,St. Lawrence River,Iles de Boucherville,45.61042111,-73.4832161,45.7160065,-73.44774639,Gastropoda,Aquatic snails,Bulk composite,1,NA,9/19/19,2019,<0.126,<0.03,<0.016,<0.02,0.038,0.084,0.284,0.485,0.201,0.14,0.111,<0.591,<0.017,<0.005,<0.006,<0.005,<0.007,1.388,<0.007,0.058,<0.005,<0.006,<0.016,<0.023,<0.02,<0.01,<0.013,<0.161,<0.011,0.121,<0.163,<0.071,<0.032,<0.108,<0.127,<0.034,<0.014,<0.054,0.045,<0.086,<0.414,<0.016,<0.014,<0.011,<0.009,<0.009,<0.023,<0.016,<0.004,<0.035,<0.036,<0.021,<0.034,<0.058,<0.047,<0.081,<0.161,<0.027,<0.03,<0.053
#8 Munoz et al (2022),Molluscs-4,NA,NA,NA,-9.25,6.93,Lake Ontario,St. Lawrence River,Iles de Boucherville,45.61042111,-73.4832161,45.7160065,-73.44774639,Gastropoda,Aquatic snails,Bulk composite,1,NA,9/19/19,2019,<0.126,<0.03,<0.016,<0.02,0.099,0.18,0.413,0.339,0.137,0.089,<0.022,<0.591,<0.017,<0.005,<0.006,<0.005,<0.007,1.323,<0.007,0.028,<0.005,<0.006,<0.016,<0.023,<0.02,<0.01,<0.013,<0.161,<0.011,0.119,<0.163,<0.071,<0.032,<0.108,<0.127,<0.034,<0.014,<0.054,0.237,<0.086,<0.414,<0.016,<0.014,<0.011,<0.009,<0.009,<0.023,<0.016,<0.004,<0.035,<0.036,<0.021,<0.034,<0.058,<0.047,<0.081,<0.161,<0.027,<0.03,<0.053
#8 Munoz et al (2022),Molluscs-5,NA,NA,NA,-12.78,7.9,Lake Ontario,St. Lawrence River,Ile Beauregard,45.75109236,-73.41078688,45.7160065,-73.44774639,Gastropoda,Aquatic snails,Bulk composite,1,NA,9/19/19,2019,<0.126,<0.03,<0.016,<0.02,0.118,0.37,0.42,0.38,0.258,0.284,0.141,<0.591,<0.017,<0.005,<0.006,<0.005,<0.007,8.545,<0.007,0.092,<0.005,<0.006,<0.016,0.026,<0.02,<0.01,<0.013,<0.161,<0.011,0.064,<0.163,<0.071,0.094,<0.108,<0.127,<0.034,<0.014,<0.054,<0.014,<0.086,<0.414,<0.016,<0.014,<0.011,<0.009,<0.009,<0.023,<0.016,<0.004,<0.035,<0.036,<0.021,<0.034,<0.058,<0.047,<0.081,<0.161,<0.027,<0.03,<0.053
#8 Munoz et al (2022),AMRU-1,15.8,95.2,Adult (Sexually Mature),-20.07,12.3,Lake Ontario,St. Lawrence River,Iles Robinet,45.73941602,-73.42910357,45.7160065,-73.44774639,Pisces,Rock bass,Whole fish homogenate,1,1,9/19/19,2019,<0.126,<0.03,<0.016,<0.02,<0.013,0.062,2.802,2.767,1.135,1.061,0.213,<0.591,<0.017,<0.005,<0.006,0.023,<0.007,50.798,<0.007,1.157,<0.005,0.168,<0.016,<0.023,<0.02,<0.01,<0.013,<0.161,<0.011,<0.008,<0.163,<0.071,<0.032,<0.108,<0.127,<0.034,<0.014,<0.054,<0.014,<0.086,<0.414,<0.016,<0.014,<0.011,<0.009,<0.009,<0.023,<0.016,0.208,<0.035,<0.036,<0.021,<0.034,<0.058,<0.047,<0.081,<0.161,<0.027,<0.03,<0.053
#8 Munoz et al (2022),AMRU-2,18,135,Adult (Sexually Mature),-19.67,10.59,Lake Ontario,St. Lawrence River,Ilet Vert,45.70575134,-73.45269049,45.7160065,-73.44774639,Pisces,Rock bass,Whole fish homogenate,1,1,9/19/19,2019,<0.126,<0.03,<0.016,<0.02,<0.013,0.187,2.773,3.498,1.836,1.44,0.735,<0.591,<0.017,<0.005,<0.006,<0.005,<0.007,55.05,0.024,1.486,<0.005,0.25,<0.016,<0.023,<0.02,<0.01,<0.013,<0.161,<0.011,<0.008,<0.163,<0.071,<0.032,<0.108,<0.127,<0.034,<0.014,<0.054,<0.014,<0.086,<0.414,<0.016,<0.014,<0.011,<0.009,<0.009,<0.023,<0.016,0.065,<0.035,<0.036,<0.021,<0.034,<0.058,<0.047,<0.081,<0.161,<0.027,<0.03,<0.053
#8 Munoz et al (2022),AMRU-3,19.7,161,Adult (Sexually Mature),-21.01,13.79,Lake Ontario,St. Lawrence River,Iles de Boucherville,45.61042111,-73.4832161,45.7160065,-73.44774639,Pisces,Rock bass,Whole fish homogenate,1,1,9/19/19,2019,<0.126,<0.03,<0.016,<0.02,<0.013,0.269,2.641,2.736,1.074,1.304,0.453,<0.591,<0.017,<0.005,<0.006,0.014,<0.007,37.785,<0.007,0.316,<0.005,0.167,<0.016,<0.023,<0.02,<0.01,<0.013,<0.161,<0.011,0.035,<0.163,<0.071,<0.032,<0.108,<0.127,<0.034,<0.014,<0.054,<0.014,<0.086,<0.414,<0.016,<0.014,<0.011,<0.009,0.03,<0.023,<0.016,<0.004,<0.035,<0.036,<0.021,<0.034,<0.058,<0.047,<0.081,<0.161,<0.027,<0.03,<0.053
#8 Munoz et al (2022),AMRU-4,9.3,14,Adult (Sexually Mature),-20.16,12.57,Lake Ontario,St. Lawrence River,Ilet Vert,45.70575134,-73.45269049,45.7160065,-73.44774639,Pisces,Rock bass,Whole fish homogenate,1,1,9/19/19,2019,<0.126,<0.03,<0.016,<0.02,0.147,3.03,7.146,5.892,2.06,1.602,0.561,<0.591,<0.017,<0.005,<0.006,0.044,0.077,117.654,<0.007,1.418,<0.005,<0.006,<0.016,<0.023,<0.02,<0.01,<0.013,<0.161,0.146,0.181,<0.163,<0.071,<0.032,<0.108,<0.127,<0.034,<0.014,<0.054,<0.014,<0.086,<0.414,<0.016,<0.014,<0.011,<0.009,0.144,<0.023,<0.016,<0.004,<0.035,<0.036,<0.021,<0.034,<0.058,<0.047,<0.081,<0.161,<0.027,<0.03,<0.053
#8 Munoz et al (2022),AMRU-5,9.6,17.2,Adult (Sexually Mature),-20.15,12.09,Lake Ontario,St. Lawrence River,Ilet Vert,45.70575134,-73.45269049,45.7160065,-73.44774639,Pisces,Rock bass,Whole fish homogenate,1,1,9/19/19,2019,<0.126,<0.03,<0.016,<0.02,<0.013,1.706,4.5,3.771,1.786,1.532,0.477,<0.591,<0.017,<0.005,<0.006,0.037,0.103,77.64,<0.007,0.875,<0.005,0.051,<0.016,<0.023,<0.02,<0.01,<0.013,<0.161,<0.011,<0.008,<0.163,<0.071,<0.032,<0.108,<0.127,<0.034,<0.014,<0.054,<0.014,<0.086,<0.414,<0.016,<0.014,<0.011,<0.009,0.108,<0.023,<0.016,<0.004,<0.035,<0.036,<0.021,<0.034,<0.058,<0.047,<0.081,<0.161,<0.027,<0.03,<0.053
#8 Munoz et al (2022),AMRU-6,9.8,17.7,Adult (Sexually Mature),-20.82,8.1,Lake Ontario,St. Lawrence River,Ilet Vert,45.70575134,-73.45269049,45.7160065,-73.44774639,Pisces,Rock bass,Whole fish homogenate,1,1,9/19/19,2019,<0.126,<0.03,<0.016,<0.02,0.055,0.766,4.341,4.07,2.073,1.929,0.806,<0.591,<0.017,<0.005,<0.006,0.012,0.038,80.016,<0.007,1.756,<0.005,0.132,<0.016,<0.023,<0.02,<0.01,<0.013,<0.161,0.062,0.094,<0.163,<0.071,<0.032,<0.108,<0.127,<0.034,<0.014,<0.054,<0.014,<0.086,<0.414,<0.016,<0.014,<0.011,<0.009,0.132,<0.023,<0.016,0.324,<0.035,<0.036,<0.021,<0.034,<0.058,<0.047,<0.081,<0.161,<0.027,<0.03,<0.053
#8 Munoz et al (2022),CACO-1,44.6,985,Adult (Sexually Mature),-20.5,9.92,Lake Ontario,St. Lawrence River,Ile Beauregard,45.75109236,-73.41078688,45.7160065,-73.44774639,Pisces,White sucker,Whole fish homogenate,1,1,9/19/19,2019,<0.126,<0.03,0.328,<0.02,<0.013,1.816,2.228,1.946,0.894,1.055,0.36,<0.591,<0.017,<0.005,<0.006,<0.005,0.04,42.911,<0.007,0.68,<0.005,0.321,0.183,0.308,<0.02,<0.01,<0.013,0.284,0.069,0.107,<0.163,<0.071,<0.032,<0.108,<0.127,<0.034,<0.014,<0.054,<0.014,<0.086,<0.414,<0.016,<0.014,<0.011,<0.009,0.04,<0.023,<0.016,<0.004,<0.035,<0.036,<0.021,<0.034,<0.058,<0.047,<0.081,<0.161,<0.027,<0.03,<0.053
#8 Munoz et al (2022),CACO-2,50.2,1505,Adult (Sexually Mature),-21.79,11.37,Lake Ontario,St. Lawrence River,Iles de Boucherville,45.61042111,-73.4832161,45.7160065,-73.44774639,Pisces,White sucker,Whole fish homogenate,1,1,9/19/19,2019,0.138,<0.03,0.322,<0.02,<0.013,2.507,2.058,1.767,0.832,0.731,0.255,<0.591,<0.017,<0.005,<0.006,<0.005,0.066,37.992,<0.007,0.429,<0.005,0.439,0.204,0.127,<0.02,<0.01,<0.013,0.244,<0.011,0.049,<0.163,<0.071,<0.032,<0.108,<0.127,<0.034,<0.014,<0.054,<0.014,<0.086,<0.414,<0.016,<0.014,<0.011,<0.009,<0.009,<0.023,<0.016,<0.004,<0.035,<0.036,<0.021,<0.034,<0.058,<0.047,<0.081,<0.161,<0.027,<0.03,<0.053
#8 Munoz et al (2022),CHEVALIER-1,48,1255,Adult (Sexually Mature),-20.5,10.67,Lake Ontario,St. Lawrence River,Ilet Vert,45.70575134,-73.45269049,45.7160065,-73.44774639,Pisces,Sicklefin redhorse,Whole fish homogenate,1,1,9/19/19,2019,<0.126,<0.03,<0.016,<0.02,0.018,1.77,1.875,1.384,0.642,0.595,<0.022,<0.591,<0.017,<0.005,<0.006,0.019,<0.007,18.813,<0.007,0.126,<0.005,0.25,0.162,0.261,<0.02,<0.01,<0.013,<0.161,<0.011,<0.008,<0.163,<0.071,<0.032,<0.108,<0.127,<0.034,<0.014,<0.054,<0.014,<0.086,<0.414,<0.016,<0.014,<0.011,<0.009,0.013,<0.023,<0.016,<0.004,<0.035,<0.036,<0.021,<0.034,<0.058,<0.047,<0.081,<0.161,<0.027,<0.03,<0.053
#8 Munoz et al (2022),CHEVALIER-2,44,880,Adult (Sexually Mature),-19.35,8.92,Lake Ontario,St. Lawrence River,Ilet Vert,45.70575134,-73.45269049,45.7160065,-73.44774639,Pisces,Sicklefin redhorse,Whole fish homogenate,1,1,9/19/19,2019,<0.126,<0.03,<0.016,<0.02,0.088,0.668,1.741,2.055,0.916,1.165,0.599,<0.591,<0.017,<0.005,<0.006,0.104,<0.007,36.284,0.018,1.616,<0.005,0.603,0.417,0.2,<0.02,<0.01,<0.013,2.675,<0.011,<0.008,<0.163,<0.071,<0.032,<0.108,<0.127,<0.034,<0.014,<0.054,<0.014,<0.086,<0.414,<0.016,<0.014,<0.011,<0.009,0.056,<0.023,<0.016,<0.004,<0.035,<0.036,<0.021,<0.034,<0.058,<0.047,<0.081,<0.161,<0.027,<0.03,<0.053
#8 Munoz et al (2022),CHEVALIER-3,57.2,1900,Adult (Sexually Mature),-21.3,8.61,Lake Ontario,St. Lawrence River,Ilet Vert,45.70575134,-73.45269049,45.7160065,-73.44774639,Pisces,Sicklefin redhorse,Whole fish homogenate,1,1,9/19/19,2019,<0.126,<0.03,<0.016,<0.02,0.274,0.78,1.275,1.457,1.122,1.198,0.465,<0.591,<0.017,<0.005,<0.006,0.163,0.023,31,0.011,1.766,<0.005,0.555,0.364,0.692,<0.02,<0.01,<0.013,1.152,0.048,0.044,<0.163,<0.071,<0.032,<0.108,<0.127,<0.034,<0.014,<0.054,<0.014,<0.086,<0.414,<0.016,<0.014,<0.011,<0.009,0.107,<0.023,<0.016,<0.004,<0.035,<0.036,<0.021,<0.034,<0.058,<0.047,<0.081,<0.161,<0.027,<0.03,<0.053
#8 Munoz et al (2022),CHEVALIER-4,46.5,1025,Adult (Sexually Mature),-18.74,12.58,Lake Ontario,St. Lawrence River,Iles de Boucherville,45.61042111,-73.4832161,45.7160065,-73.44774639,Pisces,Sicklefin redhorse,Whole fish homogenate,1,1,9/19/19,2019,<0.126,<0.03,<0.016,<0.02,1.569,8.239,7.345,4.698,1.59,1.221,0.205,<0.591,<0.017,<0.005,<0.006,<0.005,0.129,91.217,<0.007,0.661,<0.005,0.271,0.084,0.419,<0.02,<0.01,<0.013,0.555,<0.011,<0.008,<0.163,<0.071,<0.032,<0.108,<0.127,<0.034,<0.014,<0.054,<0.014,<0.086,<0.414,<0.016,<0.014,<0.011,<0.009,0.133,<0.023,<0.016,<0.004,0.039,<0.036,<0.021,<0.034,<0.058,<0.047,<0.081,<0.161,<0.027,<0.03,<0.053
#8 Munoz et al (2022),ESLU-2,37.5,310,Adult (Sexually Mature),-21.54,14.25,Lake Ontario,St. Lawrence River,Iles de Boucherville,45.61042111,-73.4832161,45.7160065,-73.44774639,Pisces,Northern pike,Whole fish homogenate,1,1,9/19/19,2019,<0.126,<0.03,<0.016,<0.02,0.036,0.685,1.225,1.101,0.408,0.498,0.227,<0.591,<0.017,<0.005,<0.006,0.014,0.023,27.763,<0.007,0.244,<0.005,0.418,0.207,0.316,<0.02,<0.01,<0.013,<0.161,<0.011,0.048,<0.163,<0.071,<0.032,<0.108,<0.127,<0.034,<0.014,<0.054,<0.014,<0.086,<0.414,<0.016,<0.014,<0.011,<0.009,0.034,<0.023,<0.016,<0.004,<0.035,<0.036,<0.021,<0.034,<0.058,<0.047,<0.081,<0.161,<0.027,<0.03,<0.053
#8 Munoz et al (2022),ESLU-3,42.6,445,Adult (Sexually Mature),-21.78,13.69,Lake Ontario,St. Lawrence River,Iles de Boucherville,45.61042111,-73.4832161,45.7160065,-73.44774639,Pisces,Northern pike,Whole fish homogenate,1,1,9/19/19,2019,<0.126,<0.03,<0.016,<0.02,<0.013,0.865,1.284,1.022,0.318,0.622,0.305,<0.591,<0.017,<0.005,<0.006,0.022,0.009,25.877,<0.007,0.236,<0.005,0.175,0.132,0.127,<0.02,<0.01,<0.013,<0.161,<0.011,0.011,<0.163,<0.071,<0.032,<0.108,<0.127,<0.034,<0.014,<0.054,<0.014,<0.086,<0.414,<0.016,<0.014,<0.011,<0.009,0.032,<0.023,<0.016,<0.004,<0.035,<0.036,<0.021,<0.034,<0.058,<0.047,<0.081,<0.161,<0.027,<0.03,<0.053
#8 Munoz et al (2022),ESLU-4,46.8,555,Adult (Sexually Mature),-20.34,14.05,Lake Ontario,St. Lawrence River,Iles de Boucherville,45.61042111,-73.4832161,45.7160065,-73.44774639,Pisces,Northern pike,Whole fish homogenate,1,1,9/19/19,2019,0.148,<0.03,<0.016,<0.02,<0.013,0.54,0.77,0.61,0.291,0.468,<0.022,<0.591,<0.017,<0.005,<0.006,<0.005,<0.007,16.59,<0.007,0.124,<0.005,0.152,<0.016,<0.023,<0.02,<0.01,<0.013,<0.161,<0.011,<0.008,<0.163,<0.071,<0.032,<0.108,<0.127,<0.034,<0.014,<0.054,<0.014,<0.086,<0.414,<0.016,<0.014,<0.011,<0.009,<0.009,<0.023,<0.016,<0.004,<0.035,<0.036,<0.021,<0.034,<0.058,<0.047,<0.081,<0.161,<0.027,<0.03,<0.053
#8 Munoz et al (2022),ESLU-5,55.2,900,Adult (Sexually Mature),-21.44,14.06,Lake Ontario,St. Lawrence River,Iles de Boucherville,45.61042111,-73.4832161,45.7160065,-73.44774639,Pisces,Northern pike,Whole fish homogenate,1,1,9/19/19,2019,<0.126,<0.03,<0.016,<0.02,<0.013,0.375,1.071,1,0.456,0.573,0.2,<0.591,<0.017,<0.005,<0.006,0.043,0.04,25.389,<0.007,0.285,<0.005,0.347,0.094,0.113,<0.02,<0.01,<0.013,<0.161,<0.011,0.026,<0.163,<0.071,<0.032,<0.108,<0.127,<0.034,<0.014,<0.054,<0.014,<0.086,<0.414,<0.016,<0.014,<0.011,<0.009,0.042,<0.023,<0.016,<0.004,<0.035,<0.036,<0.021,<0.034,<0.058,<0.047,<0.081,<0.161,<0.027,<0.03,<0.053
#8 Munoz et al (2022),ESLU-6,75.1,2345,Adult (Sexually Mature),-20.57,15.46,Lake Ontario,St. Lawrence River,Iles de Boucherville,45.61042111,-73.4832161,45.7160065,-73.44774639,Pisces,Northern pike,Whole fish homogenate,1,1,9/19/19,2019,0.174,<0.03,<0.016,<0.02,<0.013,1.021,2.928,2.633,1.176,1.238,0.295,<0.591,<0.017,<0.005,<0.006,0.039,0.06,54.087,0.024,0.916,<0.005,0.596,0.263,0.346,<0.02,<0.01,<0.013,<0.161,<0.011,0.018,<0.163,<0.071,<0.032,<0.108,<0.127,<0.034,<0.014,<0.054,<0.014,<0.086,<0.414,<0.016,<0.014,<0.011,<0.009,0.122,<0.023,<0.016,<0.004,<0.035,<0.036,<0.021,<0.034,<0.058,<0.047,<0.081,<0.161,<0.027,<0.03,<0.053
#8 Munoz et al (2022),ESLU-7,66,1000,Adult (Sexually Mature),-20.43,14.59,Lake Ontario,St. Lawrence River,Iles de Boucherville,45.61042111,-73.4832161,45.7160065,-73.44774639,Pisces,Northern pike,Whole fish homogenate,1,1,9/19/19,2019,<0.126,<0.03,<0.016,<0.02,0.029,0.635,1.499,1.512,0.727,0.873,0.301,<0.591,<0.017,<0.005,<0.006,0.024,0.023,29.974,<0.007,0.47,<0.005,0.85,0.31,0.288,<0.02,<0.01,<0.013,<0.161,0.014,0.028,<0.163,<0.071,<0.032,<0.108,<0.127,<0.034,<0.014,<0.054,<0.014,<0.086,<0.414,<0.016,<0.014,<0.011,<0.009,0.036,<0.023,<0.016,<0.004,<0.035,<0.036,<0.021,<0.034,<0.058,<0.047,<0.081,<0.161,<0.027,<0.03,<0.053
#8 Munoz et al (2022),ESLU-9,51.3,835,Adult (Sexually Mature),-21.04,14.41,Lake Ontario,St. Lawrence River,Iles de Boucherville,45.61042111,-73.4832161,45.7160065,-73.44774639,Pisces,Northern pike,Whole fish homogenate,1,1,9/19/19,2019,<0.126,<0.03,<0.016,<0.02,<0.013,0.493,0.993,1.151,0.46,0.53,0.126,<0.591,<0.017,<0.005,<0.006,0.03,0.02,23.964,<0.007,0.311,<0.005,0.436,0.157,0.273,<0.02,<0.01,<0.013,<0.161,<0.011,<0.008,<0.163,<0.071,<0.032,<0.108,<0.127,<0.034,<0.014,<0.054,<0.014,<0.086,<0.414,<0.016,<0.014,<0.011,<0.009,0.013,<0.023,<0.016,<0.004,<0.035,<0.036,<0.021,<0.034,<0.058,<0.047,<0.081,<0.161,<0.027,<0.03,<0.053
#8 Munoz et al (2022),LEGI-1,17.9,115,Adult (Sexually Mature),-23.44,12.32,Lake Ontario,St. Lawrence River,Iles de Boucherville,45.61042111,-73.4832161,45.7160065,-73.44774639,Pisces,Pumpkinseed,Whole fish homogenate,1,1,9/19/19,2019,0.175,<0.03,<0.016,<0.02,0.12,1.052,3.825,4.106,1.806,1.933,0.716,<0.591,<0.017,<0.005,<0.006,<0.005,<0.007,67.634,<0.007,0.846,<0.005,0.44,0.074,0.185,<0.02,<0.01,<0.013,<0.161,<0.011,<0.008,<0.163,<0.071,<0.032,<0.108,<0.127,<0.034,<0.014,<0.054,<0.014,<0.086,<0.414,<0.016,<0.014,<0.011,<0.009,<0.009,<0.023,<0.016,<0.004,<0.035,<0.036,<0.021,<0.034,<0.058,<0.047,<0.081,<0.161,<0.027,<0.03,<0.053
#8 Munoz et al (2022),LEGI-2,14.9,71,Adult (Sexually Mature),-21.22,12.59,Lake Ontario,St. Lawrence River,Iles de Boucherville,45.61042111,-73.4832161,45.7160065,-73.44774639,Pisces,Pumpkinseed,Whole fish homogenate,1,1,9/19/19,2019,<0.126,<0.03,<0.016,<0.02,0.069,1.899,4.332,5.323,2.033,2.36,0.798,<0.591,<0.017,<0.005,<0.006,<0.005,<0.007,69.45,0.034,1.791,<0.005,0.2,<0.016,<0.023,<0.02,<0.01,<0.013,<0.161,<0.011,<0.008,<0.163,<0.071,<0.032,<0.108,<0.127,<0.034,<0.014,<0.054,<0.014,<0.086,<0.414,<0.016,<0.014,<0.011,<0.009,<0.009,<0.023,<0.016,<0.004,<0.035,<0.036,<0.021,<0.034,<0.058,<0.047,<0.081,<0.161,<0.027,<0.03,<0.053
#8 Munoz et al (2022),LEGI-3,16.6,115,Adult (Sexually Mature),-22.7,12.98,Lake Ontario,St. Lawrence River,Iles de Boucherville,45.61042111,-73.4832161,45.7160065,-73.44774639,Pisces,Pumpkinseed,Whole fish homogenate,1,1,9/19/19,2019,<0.126,<0.03,<0.016,<0.02,<0.013,0.523,2.478,2.473,1.51,2.279,1.144,<0.591,<0.017,<0.005,<0.006,<0.005,<0.007,53.46,0.013,0.857,<0.005,0.574,0.285,0.532,<0.02,<0.01,<0.013,<0.161,<0.011,<0.008,<0.163,<0.071,<0.032,<0.108,<0.127,<0.034,<0.014,<0.054,<0.014,<0.086,<0.414,<0.016,<0.014,<0.011,<0.009,0.011,<0.023,<0.016,<0.004,<0.035,<0.036,<0.021,<0.034,<0.058,<0.047,<0.081,<0.161,<0.027,<0.03,<0.053
#8 Munoz et al (2022),LEGI-4,19.4,180,Adult (Sexually Mature),-23.3,13.67,Lake Ontario,St. Lawrence River,Iles de Boucherville,45.61042111,-73.4832161,45.7160065,-73.44774639,Pisces,Pumpkinseed,Whole fish homogenate,1,1,9/19/19,2019,<0.126,<0.03,<0.016,<0.02,<0.013,0.291,2.934,3.94,2.009,2.904,0.987,<0.591,<0.017,<0.005,<0.006,<0.005,<0.007,61.262,0.015,1.326,<0.005,0.498,0.088,<0.023,<0.02,<0.01,<0.013,<0.161,<0.011,<0.008,<0.163,<0.071,<0.032,<0.108,<0.127,<0.034,<0.014,<0.054,<0.014,<0.086,<0.414,<0.016,<0.014,<0.011,<0.009,<0.009,<0.023,<0.016,<0.004,<0.035,<0.036,<0.021,<0.034,<0.058,<0.047,<0.081,<0.161,<0.027,<0.03,<0.053
#8 Munoz et al (2022),LEGI-5,9.85,18.5,Adult (Sexually Mature),-20.32,13.66,Lake Ontario,St. Lawrence River,Iles de Boucherville,45.61042111,-73.4832161,45.7160065,-73.44774639,Pisces,Pumpkinseed,Whole fish homogenate,1,1,9/19/19,2019,0.273,<0.03,<0.016,<0.02,0.072,2.458,6.169,4.226,1.282,0.99,0.332,<0.591,<0.017,<0.005,<0.006,0.024,0.036,96.639,0.017,0.574,<0.005,0.212,<0.016,0.128,<0.02,<0.01,<0.013,<0.161,<0.011,<0.008,<0.163,<0.071,<0.032,<0.108,<0.127,<0.034,<0.014,<0.054,<0.014,<0.086,<0.414,<0.016,<0.014,<0.011,<0.009,0.025,<0.023,<0.016,<0.004,<0.035,<0.036,<0.021,<0.034,<0.058,<0.047,<0.081,<0.161,<0.027,<0.03,<0.053
#8 Munoz et al (2022),MIDO-1,18.9,101,Adult (Sexually Mature),-22.11,14.71,Lake Ontario,St. Lawrence River,Iles de Boucherville,45.61042111,-73.4832161,45.7160065,-73.44774639,Pisces,Smallmouth bass,Whole fish homogenate,1,1,9/19/19,2019,<0.126,<0.03,<0.016,<0.02,<0.013,0.486,3.611,3.425,1.093,1.152,0.242,<0.591,<0.017,<0.005,<0.006,0.006,0.039,81.573,0.027,0.957,<0.005,0.12,<0.016,<0.023,<0.02,<0.01,<0.013,<0.161,0.034,0.042,<0.163,<0.071,<0.032,<0.108,<0.127,<0.034,<0.014,<0.054,<0.014,<0.086,<0.414,<0.016,<0.014,<0.011,<0.009,0.043,<0.023,<0.016,<0.004,<0.035,<0.036,<0.021,<0.034,<0.058,<0.047,<0.081,<0.161,<0.027,<0.03,<0.053
#8 Munoz et al (2022),MIDO-2,29.5,385,Adult (Sexually Mature),-19.78,12.02,Lake Ontario,St. Lawrence River,Ilet Vert,45.70575134,-73.45269049,45.7160065,-73.44774639,Pisces,Smallmouth bass,Whole fish homogenate,1,1,9/19/19,2019,<0.126,<0.03,<0.016,<0.02,<0.013,<0.01,2.761,4.158,2.246,2.109,0.596,<0.591,<0.017,<0.005,<0.006,<0.005,<0.007,46.526,<0.007,1.418,<0.005,0.236,0.147,<0.023,<0.02,<0.01,<0.013,<0.161,<0.011,<0.008,<0.163,<0.071,<0.032,<0.108,<0.127,<0.034,<0.014,<0.054,<0.014,<0.086,<0.414,<0.016,<0.014,<0.011,<0.009,<0.009,<0.023,<0.016,0.344,<0.035,<0.036,<0.021,<0.034,<0.058,<0.047,<0.081,<0.161,<0.027,<0.03,<0.053
#8 Munoz et al (2022),MIDO-3,19.9,118,Adult (Sexually Mature),-22.17,14.73,Lake Ontario,St. Lawrence River,Iles de Boucherville,45.61042111,-73.4832161,45.7160065,-73.44774639,Pisces,Smallmouth bass,Whole fish homogenate,1,1,9/19/19,2019,<0.126,<0.03,<0.016,<0.02,<0.013,0.433,2.795,2.326,0.723,0.74,0.164,<0.591,<0.017,<0.005,<0.006,0.018,0.02,71.017,0.013,0.836,<0.005,0.348,<0.016,<0.023,<0.02,<0.01,<0.013,<0.161,<0.011,0.031,<0.163,<0.071,<0.032,<0.108,<0.127,<0.034,<0.014,0.088,<0.014,<0.086,<0.414,<0.016,<0.014,<0.011,<0.009,0.088,<0.023,<0.016,<0.004,<0.035,<0.036,<0.021,<0.034,<0.058,<0.047,<0.081,<0.161,<0.027,<0.03,<0.053
#8 Munoz et al (2022),MIDO-4,18.1,80,Adult (Sexually Mature),-21.37,14.85,Lake Ontario,St. Lawrence River,Iles de Boucherville,45.61042111,-73.4832161,45.7160065,-73.44774639,Pisces,Smallmouth bass,Whole fish homogenate,1,1,9/19/19,2019,<0.126,<0.03,<0.016,<0.02,<0.013,1.189,5.356,4.51,1.414,1.043,0.316,<0.591,<0.017,<0.005,<0.006,0.047,0.059,139.791,0.046,1.682,<0.005,0.227,<0.016,<0.023,<0.02,<0.01,<0.013,<0.161,0.05,0.055,<0.163,<0.071,<0.032,<0.108,<0.127,<0.034,<0.014,<0.054,<0.014,<0.086,<0.414,<0.016,<0.014,<0.011,<0.009,0.184,<0.023,<0.016,<0.004,<0.035,<0.036,<0.021,<0.034,<0.058,<0.047,<0.081,<0.161,<0.027,<0.03,<0.053
#8 Munoz et al (2022),MIDO-5,38.2,685,Adult (Sexually Mature),-19.47,15.17,Lake Ontario,St. Lawrence River,Iles de Boucherville,45.61042111,-73.4832161,45.7160065,-73.44774639,Pisces,Smallmouth bass,Whole fish homogenate,1,1,9/19/19,2019,<0.126,<0.03,<0.016,<0.02,<0.013,0.044,4.746,6.807,2.838,2.782,1.009,<0.591,<0.017,<0.005,<0.006,<0.005,<0.007,72.359,0.013,1.454,<0.005,0.588,0.224,0.254,<0.02,<0.01,<0.013,<0.161,0.046,0.038,<0.163,<0.071,<0.032,<0.108,<0.127,<0.034,<0.014,<0.054,<0.014,<0.086,<0.414,<0.016,<0.014,<0.011,<0.009,<0.009,<0.023,<0.016,<0.004,<0.035,<0.036,<0.021,<0.034,<0.058,<0.047,<0.081,<0.161,<0.027,<0.03,<0.053
#8 Munoz et al (2022),MIDO-6,44,1105,Adult (Sexually Mature),-19.41,15.3,Lake Ontario,St. Lawrence River,Iles de Boucherville,45.61042111,-73.4832161,45.7160065,-73.44774639,Pisces,Smallmouth bass,Whole fish homogenate,1,1,9/19/19,2019,<0.126,<0.03,<0.016,<0.02,<0.013,<0.01,3.771,4.294,1.668,1.538,0.448,<0.591,<0.017,<0.005,<0.006,<0.005,0.011,54.142,0.012,0.799,<0.005,0.357,0.248,0.178,<0.02,<0.01,<0.013,<0.161,<0.011,<0.008,<0.163,<0.071,<0.032,<0.108,<0.127,<0.034,<0.014,<0.054,<0.014,<0.086,<0.414,<0.016,<0.014,<0.011,<0.009,<0.009,<0.023,<0.016,<0.004,<0.035,<0.036,<0.021,<0.034,<0.058,<0.047,<0.081,<0.161,<0.027,<0.03,<0.053
#8 Munoz et al (2022),NEME-2,10.6,15,Adult (Sexually Mature),-20.07,12.29,Lake Ontario,St. Lawrence River,Iles de Boucherville,45.61042111,-73.4832161,45.7160065,-73.44774639,Pisces,Round goby,Whole fish homogenate,1,1,9/19/19,2019,<0.126,<0.03,<0.016,<0.02,0.092,1.536,2.123,1.983,0.748,0.956,0.251,<0.591,<0.017,<0.005,<0.006,<0.005,<0.007,27.157,<0.007,0.361,<0.005,<0.006,0.053,<0.023,<0.02,<0.01,<0.013,<0.161,<0.011,0.032,<0.163,<0.071,<0.032,<0.108,<0.127,<0.034,<0.014,<0.054,<0.014,<0.086,<0.414,<0.016,<0.014,<0.011,<0.009,<0.009,<0.023,<0.016,<0.004,<0.035,<0.036,<0.021,<0.034,<0.058,<0.047,<0.081,<0.161,<0.027,<0.03,<0.053
#8 Munoz et al (2022),NEME-3,11.3,22,Adult (Sexually Mature),-20.29,12.41,Lake Ontario,St. Lawrence River,Ilet Vert,45.70575134,-73.45269049,45.7160065,-73.44774639,Pisces,Round goby,Whole fish homogenate,1,1,9/19/19,2019,0.152,<0.03,<0.016,<0.02,<0.013,0.89,3.134,3.716,2.099,2.148,0.996,<0.591,<0.017,<0.005,<0.006,<0.005,<0.007,28.181,<0.007,0.897,<0.005,<0.006,<0.016,0.109,<0.02,<0.01,<0.013,<0.161,0.039,<0.008,<0.163,<0.071,<0.032,<0.108,<0.127,<0.034,<0.014,<0.054,<0.014,<0.086,<0.414,<0.016,<0.014,<0.011,<0.009,<0.009,<0.023,<0.016,<0.004,<0.035,<0.036,<0.021,<0.034,<0.058,<0.047,<0.081,<0.161,<0.027,<0.03,<0.053
#8 Munoz et al (2022),NEME-4,9.9,15,Adult (Sexually Mature),-19.12,12.29,Lake Ontario,St. Lawrence River,Ilet Vert,45.70575134,-73.45269049,45.7160065,-73.44774639,Pisces,Round goby,Whole fish homogenate,1,1,9/19/19,2019,0.15,<0.03,<0.016,<0.02,<0.013,2.763,5.182,4.6,1.556,1.303,0.271,<0.591,<0.017,<0.005,<0.006,<0.005,0.011,47.533,<0.007,0.669,<0.005,0.034,<0.016,<0.023,<0.02,<0.01,<0.013,<0.161,<0.011,<0.008,<0.163,<0.071,<0.032,<0.108,<0.127,<0.034,<0.014,<0.054,<0.014,<0.086,<0.414,<0.016,<0.014,<0.011,<0.009,<0.009,<0.023,<0.016,<0.004,<0.035,<0.036,<0.021,<0.034,<0.058,<0.047,<0.081,<0.161,<0.027,<0.03,<0.053
#8 Munoz et al (2022),NEME-5,NA,NA,Adult (Sexually Mature),-18.93,12.29,Lake Ontario,St. Lawrence River,Ilet Vert,45.70575134,-73.45269049,45.7160065,-73.44774639,Pisces,Round goby,Whole fish homogenate,1,1,9/19/19,2019,<0.126,<0.03,<0.016,<0.02,<0.013,0.421,2.759,4.089,1.973,1.661,0.432,<0.591,<0.017,<0.005,<0.006,<0.005,<0.007,24.459,<0.007,1.109,<0.005,0.025,<0.016,0.221,<0.02,<0.01,<0.013,<0.161,<0.011,<0.008,<0.163,<0.071,<0.032,<0.108,<0.127,<0.034,<0.014,<0.054,<0.014,<0.086,<0.414,<0.016,<0.014,<0.011,<0.009,<0.009,<0.023,<0.016,<0.004,<0.035,<0.036,<0.021,<0.034,<0.058,<0.047,<0.081,<0.161,<0.027,<0.03,<0.053
#8 Munoz et al (2022),NEME-7,NA,NA,Adult (Sexually Mature),-22.08,10.17,Lake Ontario,St. Lawrence River,Ilet Vert,45.70575134,-73.45269049,45.7160065,-73.44774639,Pisces,Round goby,Whole fish homogenate,1,1,9/19/19,2019,<0.126,<0.03,<0.016,<0.02,0.074,1.052,3.246,3.254,1.365,1.346,0.431,<0.591,<0.017,<0.005,<0.006,<0.005,<0.007,30.104,<0.007,0.654,<0.005,0.109,<0.016,<0.023,<0.02,<0.01,<0.013,<0.161,<0.011,<0.008,<0.163,<0.071,<0.032,<0.108,<0.127,<0.034,<0.014,<0.054,<0.014,<0.086,<0.414,<0.016,<0.014,<0.011,<0.009,<0.009,<0.023,<0.016,0.053,<0.035,<0.036,<0.021,<0.034,<0.058,<0.047,<0.081,<0.161,<0.027,<0.03,<0.053
#8 Munoz et al (2022),NEME-8,NA,NA,Adult (Sexually Mature),-19.02,12.85,Lake Ontario,St. Lawrence River,Ilet Vert,45.70575134,-73.45269049,45.7160065,-73.44774639,Pisces,Round goby,Whole fish homogenate,1,1,9/19/19,2019,0.132,<0.03,<0.016,<0.02,<0.013,1.094,3.975,3.431,1.623,1.339,0.434,<0.591,<0.017,<0.005,<0.006,<0.005,<0.007,42.692,<0.007,0.729,<0.005,0.042,<0.016,<0.023,<0.02,<0.01,<0.013,<0.161,<0.011,<0.008,<0.163,<0.071,<0.032,<0.108,<0.127,<0.034,<0.014,<0.054,<0.014,<0.086,<0.414,<0.016,<0.014,<0.011,<0.009,<0.009,<0.023,<0.016,<0.004,<0.035,<0.036,<0.021,<0.034,<0.058,<0.047,<0.081,<0.161,<0.027,<0.03,<0.053
#8 Munoz et al (2022),NEME-9,NA,NA,Adult (Sexually Mature),-20.15,12.33,Lake Ontario,St. Lawrence River,Ilet Vert,45.70575134,-73.45269049,45.7160065,-73.44774639,Pisces,Round goby,Whole fish homogenate,1,1,9/19/19,2019,0.179,<0.03,<0.016,<0.02,0.021,1.28,4.214,3.613,1.377,1.495,0.442,<0.591,<0.017,<0.005,<0.006,<0.005,<0.007,37.371,<0.007,0.506,<0.005,0.129,0.199,0.123,<0.02,<0.01,<0.013,<0.161,<0.011,<0.008,<0.163,<0.071,<0.032,<0.108,<0.127,<0.034,<0.014,<0.054,<0.014,<0.086,<0.414,<0.016,<0.014,<0.011,<0.009,<0.009,<0.023,<0.016,<0.004,<0.035,<0.036,<0.021,<0.034,<0.058,<0.047,<0.081,<0.161,<0.027,<0.03,<0.053
#8 Munoz et al (2022),NOAT-1,8.9,4.35,Adult (Sexually Mature),-24.76,9.91,Lake Ontario,St. Lawrence River,Ilet Vert,45.70575134,-73.45269049,45.7160065,-73.44774639,Pisces,Emerald shiner,Whole fish homogenate,1,1,9/19/19,2019,<0.126,<0.03,<0.016,<0.02,<0.013,0.468,1.13,1.059,0.457,0.424,0.201,<0.591,<0.017,<0.005,<0.006,0.021,<0.007,20.605,<0.007,0.96,<0.005,0.11,<0.016,<0.023,<0.02,<0.01,<0.013,<0.161,<0.011,<0.008,<0.163,<0.071,<0.032,<0.108,<0.127,<0.034,<0.014,<0.054,<0.014,<0.086,<0.414,<0.016,<0.014,<0.011,<0.009,<0.009,<0.023,<0.016,0.035,<0.035,<0.036,<0.021,<0.034,<0.058,<0.047,<0.081,<0.161,<0.027,<0.03,<0.053
#8 Munoz et al (2022),NOAT-2,9.4,5.25,Adult (Sexually Mature),-21.75,10.85,Lake Ontario,St. Lawrence River,Ilet Vert,45.70575134,-73.45269049,45.7160065,-73.44774639,Pisces,Emerald shiner,Whole fish homogenate,1,1,9/19/19,2019,<0.126,<0.03,<0.016,<0.02,<0.013,0.269,0.621,0.452,0.101,0.091,0.037,<0.591,<0.017,<0.005,<0.006,<0.005,<0.007,12.01,<0.007,0.261,<0.005,0.079,<0.016,<0.023,<0.02,<0.01,<0.013,<0.161,<0.011,<0.008,<0.163,<0.071,<0.032,<0.108,<0.127,<0.034,<0.014,<0.054,<0.014,<0.086,<0.414,<0.016,<0.014,<0.011,<0.009,<0.009,<0.023,<0.016,0.078,<0.035,<0.036,<0.021,<0.034,<0.058,<0.047,<0.081,<0.161,<0.027,<0.03,<0.053
#8 Munoz et al (2022),NOAT-3,9.45,6.5,Adult (Sexually Mature),-22.22,9.52,Lake Ontario,St. Lawrence River,Ilet Vert,45.70575134,-73.45269049,45.7160065,-73.44774639,Pisces,Emerald shiner,Whole fish homogenate,1,1,9/19/19,2019,<0.126,<0.03,<0.016,<0.02,<0.013,0.3,0.72,0.559,0.248,0.183,0.134,<0.591,<0.017,<0.005,<0.006,<0.005,<0.007,14.306,<0.007,0.289,<0.005,0.113,<0.016,<0.023,<0.02,<0.01,<0.013,<0.161,<0.011,<0.008,<0.163,<0.071,<0.032,<0.108,<0.127,<0.034,<0.014,<0.054,<0.014,<0.086,<0.414,<0.016,<0.014,<0.011,<0.009,<0.009,<0.023,<0.016,0.306,<0.035,<0.036,<0.021,<0.034,<0.058,<0.047,<0.081,<0.161,<0.027,<0.03,<0.053
#8 Munoz et al (2022),NOAT-4,9.2,6,Adult (Sexually Mature),-24.16,11.01,Lake Ontario,St. Lawrence River,Ilet Vert,45.70575134,-73.45269049,45.7160065,-73.44774639,Pisces,Emerald shiner,Whole fish homogenate,1,1,9/19/19,2019,<0.126,<0.03,<0.016,<0.02,0.025,1.215,2.645,2.417,0.951,0.585,0.408,<0.591,<0.017,<0.005,<0.006,<0.005,0.014,31.507,<0.007,1.039,<0.005,0.236,<0.016,<0.023,<0.02,<0.01,<0.013,<0.161,<0.011,<0.008,<0.163,<0.071,<0.032,<0.108,<0.127,<0.034,<0.014,<0.054,<0.014,<0.086,<0.414,<0.016,<0.014,<0.011,<0.009,<0.009,<0.023,<0.016,<0.004,<0.035,<0.036,<0.021,<0.034,<0.058,<0.047,<0.081,<0.161,<0.027,<0.03,<0.053
#8 Munoz et al (2022),NOAT-5,9.8,6,Adult (Sexually Mature),-25.16,11.36,Lake Ontario,St. Lawrence River,Ilet Vert,45.70575134,-73.45269049,45.7160065,-73.44774639,Pisces,Emerald shiner,Whole fish homogenate,1,1,9/19/19,2019,<0.126,<0.03,<0.016,<0.02,<0.013,0.829,2.647,2.33,0.799,<0.009,0.24,<0.591,<0.017,<0.005,<0.006,<0.005,0.017,71.702,<0.007,0.304,<0.005,<0.006,<0.016,<0.023,<0.02,<0.01,<0.013,<0.161,<0.011,<0.008,<0.163,<0.071,<0.032,<0.108,<0.127,<0.034,<0.014,0.217,<0.014,<0.086,<0.414,<0.016,<0.014,<0.011,<0.009,<0.009,<0.023,<0.016,<0.004,<0.035,<0.036,<0.021,<0.034,<0.058,<0.047,<0.081,<0.161,<0.027,<0.03,<0.053
#8 Munoz et al (2022),NOCR-1,11.85,15.05,Adult (Sexually Mature),-20.93,11.74,Lake Ontario,St. Lawrence River,Ile Beauregard,45.75109236,-73.41078688,45.7160065,-73.44774639,Pisces,Gold shiner,Whole fish homogenate,1,1,9/19/19,2019,<0.126,<0.03,<0.016,<0.02,<0.013,<0.01,0.814,1.019,0.279,0.453,0.056,<0.591,<0.017,<0.005,<0.006,<0.005,<0.007,14.915,<0.007,0.289,<0.005,<0.006,<0.016,<0.023,<0.02,<0.01,<0.013,<0.161,<0.011,<0.008,<0.163,<0.071,<0.032,<0.108,<0.127,<0.034,<0.014,<0.054,<0.014,<0.086,<0.414,<0.016,<0.014,<0.011,<0.009,<0.009,<0.023,<0.016,<0.004,<0.035,<0.036,<0.021,<0.034,<0.058,<0.047,<0.081,<0.161,<0.027,<0.03,<0.053
#8 Munoz et al (2022),NOCR-2,10.75,12.75,Adult (Sexually Mature),-20.18,11.33,Lake Ontario,St. Lawrence River,Ile Beauregard,45.75109236,-73.41078688,45.7160065,-73.44774639,Pisces,Gold shiner,Whole fish homogenate,1,1,9/19/19,2019,<0.126,<0.03,<0.016,<0.02,<0.013,0.328,1.367,0.938,0.328,0.228,0.037,<0.591,<0.017,<0.005,<0.006,<0.005,<0.007,17.926,<0.007,0.111,<0.005,<0.006,<0.016,<0.023,<0.02,<0.01,<0.013,<0.161,<0.011,<0.008,<0.163,<0.071,<0.032,<0.108,<0.127,<0.034,<0.014,<0.054,<0.014,<0.086,<0.414,<0.016,<0.014,<0.011,<0.009,<0.009,<0.023,<0.016,0.04,<0.035,<0.036,<0.021,<0.034,<0.058,<0.047,<0.081,<0.161,<0.027,<0.03,<0.053
#8 Munoz et al (2022),NOCR-3,10.1,9.2,Adult (Sexually Mature),-21.64,10.74,Lake Ontario,St. Lawrence River,Iles Robinet / Ile Beauregard,45.74298015,-73.42159338,45.7160065,-73.44774639,Pisces,Gold shiner,Whole fish homogenate,1,1,9/19/19,2019,<0.126,<0.03,<0.016,<0.02,<0.013,0.103,1.246,1.057,0.435,0.498,0.071,<0.591,<0.017,<0.005,<0.006,<0.005,<0.007,15.784,<0.007,0.338,<0.005,<0.006,<0.016,<0.023,<0.02,<0.01,<0.013,<0.161,<0.011,<0.008,<0.163,<0.071,<0.032,<0.108,<0.127,<0.034,<0.014,<0.054,<0.014,<0.086,<0.414,<0.016,<0.014,<0.011,<0.009,<0.009,<0.023,<0.016,<0.004,<0.035,<0.036,<0.021,<0.034,<0.058,<0.047,<0.081,<0.161,<0.027,<0.03,<0.053
#8 Munoz et al (2022),NOCR-4,10,8.45,Adult (Sexually Mature),-22.62,10.5,Lake Ontario,St. Lawrence River,Iles Robinet / Ile Beauregard,45.74298015,-73.42159338,45.7160065,-73.44774639,Pisces,Gold shiner,Whole fish homogenate,1,1,9/19/19,2019,<0.126,<0.03,<0.016,<0.02,<0.013,0.224,1.236,1.532,0.902,0.583,0.15,<0.591,<0.017,<0.005,<0.006,0.024,<0.007,16.412,<0.007,0.361,<0.005,<0.006,<0.016,<0.023,<0.02,<0.01,<0.013,<0.161,<0.011,<0.008,<0.163,<0.071,<0.032,<0.108,<0.127,<0.034,<0.014,<0.054,<0.014,<0.086,<0.414,<0.016,<0.014,<0.011,<0.009,<0.009,<0.023,<0.016,0.041,<0.035,<0.036,<0.021,<0.034,<0.058,<0.047,<0.081,<0.161,<0.027,<0.03,<0.053
#8 Munoz et al (2022),NOCR-5,10.85,11.9,Adult (Sexually Mature),-19.31,12.15,Lake Ontario,St. Lawrence River,Ile Beauregard,45.75109236,-73.41078688,45.7160065,-73.44774639,Pisces,Gold shiner,Whole fish homogenate,1,1,9/19/19,2019,<0.126,<0.03,<0.016,<0.02,<0.013,<0.01,1.171,0.682,0.094,0.33,<0.022,<0.591,<0.017,<0.005,<0.006,<0.005,<0.007,15.205,<0.007,0.238,<0.005,<0.006,<0.016,<0.023,<0.02,<0.01,<0.013,<0.161,<0.011,<0.008,<0.163,<0.071,<0.032,<0.108,<0.127,<0.034,<0.014,<0.054,<0.014,<0.086,<0.414,<0.016,<0.014,<0.011,<0.009,<0.009,<0.023,<0.016,0.037,<0.035,<0.036,<0.021,<0.034,<0.058,<0.047,<0.081,<0.161,<0.027,<0.03,<0.053
#8 Munoz et al (2022),NOCR-6,9.5,7.45,Adult (Sexually Mature),-20.42,9.07,Lake Ontario,St. Lawrence River,Iles Robinet / Ilet Vert,45.72414546,-73.4389368,45.7160065,-73.44774639,Pisces,Gold shiner,Whole fish homogenate,1,1,9/19/19,2019,<0.126,<0.03,<0.016,<0.02,<0.013,0.175,1.318,1.442,0.714,0.534,0.156,<0.591,<0.017,<0.005,<0.006,<0.005,<0.007,18.188,<0.007,0.385,<0.005,<0.006,<0.016,<0.023,<0.02,<0.01,<0.013,<0.161,<0.011,<0.008,<0.163,<0.071,<0.032,<0.108,<0.127,<0.034,<0.014,<0.054,<0.014,<0.086,<0.414,<0.016,<0.014,<0.011,<0.009,<0.009,<0.023,<0.016,<0.004,<0.035,<0.036,<0.021,<0.034,<0.058,<0.047,<0.081,<0.161,<0.027,<0.03,<0.053
#8 Munoz et al (2022),NOCR-7,10,8.65,Adult (Sexually Mature),-18.52,9.65,Lake Ontario,St. Lawrence River,Iles Robinet / Ilet Vert,45.72414546,-73.4389368,45.7160065,-73.44774639,Pisces,Gold shiner,Whole fish homogenate,1,1,9/19/19,2019,<0.126,<0.03,<0.016,<0.02,<0.013,0.222,1.771,1.766,0.729,0.631,0.16,<0.591,<0.017,<0.005,<0.006,0.008,<0.007,21.121,<0.007,0.491,<0.005,<0.006,<0.016,<0.023,<0.02,<0.01,<0.013,<0.161,<0.011,<0.008,<0.163,<0.071,<0.032,<0.108,<0.127,<0.034,<0.014,<0.054,<0.014,<0.086,<0.414,<0.016,<0.014,<0.011,<0.009,<0.009,<0.023,<0.016,<0.004,<0.035,<0.036,<0.021,<0.034,<0.058,<0.047,<0.081,<0.161,<0.027,<0.03,<0.053
#8 Munoz et al (2022),NOST-VO-1,9.7,8,Adult (Sexually Mature),-21.11,10.15,Lake Ontario,St. Lawrence River,Ilet Vert,45.70575134,-73.45269049,45.7160065,-73.44774639,Pisces,Sand shiner; Mimic shiner,Whole fish homogenate,1,1,9/19/19,2019,0.311,<0.03,<0.016,<0.02,<0.013,0.159,0.673,0.877,0.448,0.267,0.168,<0.591,<0.017,<0.005,<0.006,<0.005,<0.007,15.959,<0.007,0.877,<0.005,<0.006,<0.016,<0.023,<0.02,<0.01,<0.013,<0.161,<0.011,<0.008,<0.163,<0.071,<0.032,<0.108,<0.127,<0.034,<0.014,<0.054,<0.014,<0.086,<0.414,<0.016,<0.014,<0.011,<0.009,<0.009,<0.023,<0.016,<0.004,<0.035,<0.036,<0.021,<0.034,<0.058,<0.047,<0.081,<0.161,<0.027,<0.03,<0.053
#8 Munoz et al (2022),NOST-VO-2,9.25,7,Adult (Sexually Mature),-21.55,9.89,Lake Ontario,St. Lawrence River,Ilet Vert,45.70575134,-73.45269049,45.7160065,-73.44774639,Pisces,Sand shiner; Mimic shiner,Whole fish homogenate,1,1,9/19/19,2019,<0.126,<0.03,<0.016,<0.02,<0.013,0.156,0.786,0.928,0.317,0.23,0.171,<0.591,<0.017,<0.005,<0.006,<0.005,<0.007,16.487,<0.007,0.446,<0.005,<0.006,<0.016,<0.023,<0.02,<0.01,<0.013,<0.161,<0.011,<0.008,<0.163,<0.071,<0.032,<0.108,<0.127,<0.034,<0.014,<0.054,<0.014,<0.086,<0.414,<0.016,<0.014,<0.011,<0.009,<0.009,<0.023,<0.016,0.244,<0.035,<0.036,<0.021,<0.034,<0.058,<0.047,<0.081,<0.161,<0.027,<0.03,<0.053
#8 Munoz et al (2022),NOST-VO-3,9.25,6,Adult (Sexually Mature),-22.33,10.05,Lake Ontario,St. Lawrence River,Ilet Vert,45.70575134,-73.45269049,45.7160065,-73.44774639,Pisces,Sand shiner; Mimic shiner,Whole fish homogenate,1,1,9/19/19,2019,<0.126,<0.03,<0.016,<0.02,<0.013,0.087,0.704,0.83,0.33,0.202,0.258,<0.591,<0.017,<0.005,<0.006,<0.005,<0.007,15.37,<0.007,0.468,<0.005,<0.006,<0.016,<0.023,<0.02,<0.01,<0.013,<0.161,<0.011,<0.008,<0.163,<0.071,<0.032,<0.108,<0.127,<0.034,<0.014,<0.054,<0.014,<0.086,<0.414,<0.016,<0.014,<0.011,<0.009,<0.009,<0.023,<0.016,0.214,<0.035,<0.036,0.114,<0.034,<0.058,<0.047,<0.081,<0.161,<0.027,<0.03,<0.053
#8 Munoz et al (2022),NOST-VO-4,9.35,7,Adult (Sexually Mature),-22.75,9.54,Lake Ontario,St. Lawrence River,Ilet Vert,45.70575134,-73.45269049,45.7160065,-73.44774639,Pisces,Sand shiner; Mimic shiner,Whole fish homogenate,1,1,9/19/19,2019,0.161,<0.03,<0.016,<0.02,<0.013,0.251,0.929,1.185,0.493,0.37,0.339,<0.591,<0.017,<0.005,<0.006,0.016,<0.007,20.653,<0.007,0.829,<0.005,<0.006,<0.016,<0.023,<0.02,<0.01,<0.013,<0.161,<0.011,0.224,<0.163,<0.071,<0.032,<0.108,<0.127,<0.034,<0.014,<0.054,<0.014,<0.086,<0.414,<0.016,<0.014,<0.011,<0.009,0.021,<0.023,<0.016,0.501,<0.035,<0.036,<0.021,<0.034,<0.058,<0.047,<0.081,<0.161,<0.027,<0.03,<0.053
#8 Munoz et al (2022),NOST-VO-5,9,6,Adult (Sexually Mature),-23.19,10.7,Lake Ontario,St. Lawrence River,Ilet Vert,45.70575134,-73.45269049,45.7160065,-73.44774639,Pisces,Sand shiner; Mimic shiner,Whole fish homogenate,1,1,9/19/19,2019,<0.126,<0.03,<0.016,<0.02,<0.013,0.253,0.68,0.687,0.18,0.097,0.189,<0.591,<0.017,<0.005,<0.006,<0.005,<0.007,12.395,<0.007,0.343,<0.005,<0.006,<0.016,<0.023,<0.02,<0.01,<0.013,<0.161,<0.011,<0.008,<0.163,<0.071,<0.032,<0.108,<0.127,<0.034,<0.014,<0.054,<0.014,<0.086,<0.414,<0.016,<0.014,<0.011,<0.009,<0.009,<0.023,<0.016,0.095,<0.035,<0.036,<0.021,<0.034,<0.058,<0.047,<0.081,<0.161,<0.027,<0.03,<0.053
#8 Munoz et al (2022),NOST-VO-6,9.45,6.05,Adult (Sexually Mature),-23.7,9.54,Lake Ontario,St. Lawrence River,Ilet Vert,45.70575134,-73.45269049,45.7160065,-73.44774639,Pisces,Sand shiner; Mimic shiner,Whole fish homogenate,1,1,9/19/19,2019,<0.126,<0.03,<0.016,<0.02,<0.013,0.425,1.427,1.516,0.693,0.523,0.388,<0.591,<0.017,<0.005,<0.006,<0.005,<0.007,19.662,<0.007,0.863,<0.005,0.216,<0.016,<0.023,<0.02,<0.01,<0.013,<0.161,<0.011,<0.008,<0.163,<0.071,<0.032,<0.108,<0.127,<0.034,<0.014,<0.054,<0.014,<0.086,<0.414,<0.016,<0.014,<0.011,<0.009,<0.009,<0.023,<0.016,0.127,0.055,<0.036,<0.021,<0.034,<0.058,<0.047,<0.081,<0.161,<0.027,<0.03,<0.053
#8 Munoz et al (2022),NOST-VO-7,9.75,7.5,Adult (Sexually Mature),-22.13,10.88,Lake Ontario,St. Lawrence River,Ilet Vert,45.70575134,-73.45269049,45.7160065,-73.44774639,Pisces,Sand shiner; Mimic shiner,Whole fish homogenate,1,1,9/19/19,2019,<0.126,<0.03,<0.016,<0.02,<0.013,0.173,0.774,1.003,0.486,0.303,0.211,<0.591,<0.017,<0.005,<0.006,<0.005,<0.007,17.478,<0.007,0.41,<0.005,<0.006,<0.016,<0.023,<0.02,<0.01,<0.013,<0.161,<0.011,<0.008,<0.163,<0.071,<0.032,<0.108,<0.127,<0.034,<0.014,<0.054,<0.014,<0.086,<0.414,<0.016,<0.014,<0.011,<0.009,0.021,<0.023,<0.016,0.047,<0.035,<0.036,<0.021,<0.034,<0.058,<0.047,<0.081,<0.161,<0.027,<0.03,<0.053
#8 Munoz et al (2022),NOST-VO-8,8.05,4.05,Adult (Sexually Mature),-23.96,9.42,Lake Ontario,St. Lawrence River,Ilet Vert,45.70575134,-73.45269049,45.7160065,-73.44774639,Pisces,Sand shiner; Mimic shiner,Whole fish homogenate,1,1,9/19/19,2019,<0.126,<0.03,<0.016,<0.02,<0.013,0.086,0.785,0.923,0.41,0.341,0.127,<0.591,<0.017,<0.005,<0.006,<0.005,<0.007,22.254,<0.007,0.701,<0.005,0.214,<0.016,<0.023,<0.02,<0.01,<0.013,<0.161,<0.011,<0.008,<0.163,<0.071,<0.032,<0.108,<0.127,<0.034,<0.014,<0.054,<0.014,<0.086,<0.414,<0.016,<0.014,<0.011,<0.009,<0.009,<0.023,<0.016,<0.004,<0.035,<0.036,<0.021,<0.034,<0.058,<0.047,<0.081,<0.161,<0.027,<0.03,<0.053
#8 Munoz et al (2022),PEFL-A1,22,129,Adult (Sexually Mature),-19.62,6.08,Lake Ontario,St. Lawrence River,Ilet Vert,45.70575134,-73.45269049,45.7160065,-73.44774639,Pisces,Yellow perch,Whole fish homogenate,1,1,9/19/19,2019,0.144,<0.03,<0.016,<0.02,0.028,1.303,2.747,2.382,1.241,1.503,0.593,<0.591,<0.017,<0.005,<0.006,0.081,0.117,60.141,<0.007,0.479,<0.005,0.383,0.111,<0.023,<0.02,<0.01,<0.013,<0.161,<0.011,<0.008,<0.163,<0.071,<0.032,<0.108,<0.127,<0.034,<0.014,<0.054,<0.014,<0.086,<0.414,<0.016,<0.014,<0.011,<0.009,0.137,<0.023,<0.016,<0.004,<0.035,<0.036,<0.021,<0.034,<0.058,<0.047,<0.081,<0.161,<0.027,<0.03,<0.053
#8 Munoz et al (2022),PEFL-A2,18.8,86,Adult (Sexually Mature),-17.15,10.61,Lake Ontario,St. Lawrence River,Ilet Vert,45.70575134,-73.45269049,45.7160065,-73.44774639,Pisces,Yellow perch,Whole fish homogenate,1,1,9/19/19,2019,0.175,<0.03,<0.016,<0.02,<0.013,1.104,2.136,1.826,0.741,1.087,0.428,<0.591,<0.017,<0.005,<0.006,0.036,0.035,44.347,<0.007,0.412,<0.005,0.167,<0.016,<0.023,<0.02,<0.01,<0.013,<0.161,<0.011,<0.008,<0.163,<0.071,<0.032,<0.108,<0.127,<0.034,<0.014,<0.054,<0.014,<0.086,<0.414,<0.016,<0.014,<0.011,<0.009,0.033,<0.023,<0.016,<0.004,<0.035,<0.036,<0.021,<0.034,<0.058,<0.047,<0.081,<0.161,<0.027,<0.03,<0.053
#8 Munoz et al (2022),PEFL-A3,21.2,112,Adult (Sexually Mature),-19.72,9.24,Lake Ontario,St. Lawrence River,Ilet Vert,45.70575134,-73.45269049,45.7160065,-73.44774639,Pisces,Yellow perch,Whole fish homogenate,1,1,9/19/19,2019,0.177,<0.03,<0.016,<0.02,<0.013,0.905,1.839,1.604,0.761,0.848,0.201,<0.591,<0.017,<0.005,<0.006,0.074,0.069,41.091,<0.007,0.37,<0.005,0.277,0.053,<0.023,<0.02,<0.01,<0.013,<0.161,<0.011,<0.008,<0.163,<0.071,<0.032,<0.108,<0.127,<0.034,<0.014,<0.054,<0.014,<0.086,<0.414,<0.016,<0.014,<0.011,<0.009,0.104,<0.023,<0.016,<0.004,<0.035,<0.036,<0.021,<0.034,<0.058,<0.047,<0.081,<0.161,<0.027,<0.03,<0.053
#8 Munoz et al (2022),PEFL-J1,13.5,50,Juvenile,-19.4,9.32,Lake Ontario,St. Lawrence River,Ilet Vert,45.70575134,-73.45269049,45.7160065,-73.44774639,Pisces,Yellow perch,Whole fish homogenate,1,1,9/19/19,2019,<0.126,<0.03,<0.016,<0.02,<0.013,0.536,1.019,1.341,0.623,0.745,0.15,<0.591,<0.017,<0.005,<0.006,0.041,0.011,25.977,<0.007,0.552,<0.005,0.155,<0.016,<0.023,<0.02,<0.01,<0.013,<0.161,<0.011,0.038,<0.163,<0.071,<0.032,<0.108,<0.127,<0.034,<0.014,<0.054,<0.014,<0.086,<0.414,<0.016,<0.014,<0.011,<0.009,0.071,<0.023,<0.016,0.071,<0.035,<0.036,<0.021,<0.034,<0.058,<0.047,<0.081,<0.161,<0.027,<0.03,<0.053
#8 Munoz et al (2022),PEFL-J2,14,35,Juvenile,-19.98,11.99,Lake Ontario,St. Lawrence River,Ilet Vert,45.70575134,-73.45269049,45.7160065,-73.44774639,Pisces,Yellow perch,Whole fish homogenate,1,1,9/19/19,2019,<0.126,<0.03,<0.016,<0.02,0.087,0.847,1.451,1.127,0.518,0.515,0.085,<0.591,<0.017,<0.005,<0.006,0.048,0.033,27.741,<0.007,0.36,<0.005,0.146,<0.016,<0.023,<0.02,<0.01,<0.013,<0.161,<0.011,<0.008,<0.163,<0.071,<0.032,<0.108,<0.127,<0.034,<0.014,<0.054,<0.014,<0.086,<0.414,<0.016,<0.014,<0.011,<0.009,0.066,<0.023,<0.016,0.044,<0.035,<0.036,<0.021,<0.034,<0.058,<0.047,<0.081,<0.161,<0.027,<0.03,<0.053
#8 Munoz et al (2022),PEFL-J3,15.9,70,Juvenile,-17.87,13.14,Lake Ontario,St. Lawrence River,Ilet Vert,45.70575134,-73.45269049,45.7160065,-73.44774639,Pisces,Yellow perch,Whole fish homogenate,1,1,9/19/19,2019,0.177,<0.03,<0.016,<0.02,0.031,0.586,2.829,3.634,2.472,2.861,1.272,<0.591,<0.017,<0.005,<0.006,0.045,0.066,47.929,0.032,1.629,<0.005,0.45,0.099,0.087,<0.02,<0.01,<0.013,<0.161,<0.011,<0.008,<0.163,<0.071,<0.032,<0.108,<0.127,<0.034,<0.014,<0.054,<0.014,<0.086,<0.414,<0.016,<0.014,<0.011,<0.009,0.17,<0.023,<0.016,0.289,<0.035,<0.036,<0.021,<0.034,<0.058,<0.047,<0.081,<0.161,<0.027,<0.03,<0.053
#8 Munoz et al (2022),PEFL-J4,15.5,50,Juvenile,-18.68,12.32,Lake Ontario,St. Lawrence River,Ilet Vert,45.70575134,-73.45269049,45.7160065,-73.44774639,Pisces,Yellow perch,Whole fish homogenate,1,1,9/19/19,2019,<0.126,<0.03,<0.016,<0.02,0.074,1.872,3.296,3.426,1.794,1.464,0.458,<0.591,<0.017,<0.005,<0.006,0.052,0.029,57.029,<0.007,1.254,<0.005,<0.006,<0.016,<0.023,<0.02,<0.01,<0.013,<0.161,<0.011,<0.008,<0.163,<0.071,<0.032,<0.108,<0.127,<0.034,<0.014,<0.054,<0.014,<0.086,<0.414,<0.016,<0.014,<0.011,<0.009,0.134,<0.023,<0.016,0.162,<0.035,<0.036,<0.021,<0.034,<0.058,<0.047,<0.081,<0.161,<0.027,<0.03,<0.053
#8 Munoz et al (2022),PEFL-J5,15.2,55,Juvenile,-18.29,11.83,Lake Ontario,St. Lawrence River,Ile Beauregard,45.75109236,-73.41078688,45.7160065,-73.44774639,Pisces,Yellow perch,Whole fish homogenate,1,1,9/19/19,2019,0.131,<0.03,<0.016,<0.02,0.181,3.381,3.878,3.635,2.391,2.716,1.261,<0.591,<0.017,<0.005,<0.006,0.09,0.147,67.36,<0.007,1.4,<0.005,0.187,<0.016,0.093,<0.02,<0.01,<0.013,<0.161,<0.011,<0.008,<0.163,<0.071,<0.032,<0.108,<0.127,<0.034,<0.014,<0.054,<0.014,<0.086,<0.414,<0.016,<0.014,<0.011,<0.009,0.203,<0.023,<0.016,0.136,<0.035,<0.036,<0.021,<0.034,<0.058,<0.047,<0.081,<0.161,<0.027,<0.03,<0.053
#8 Munoz et al (2022),PEFL-J6,14,30,Juvenile,-21.94,12.62,Lake Ontario,St. Lawrence River,Iles de Boucherville,45.61042111,-73.4832161,45.7160065,-73.44774639,Pisces,Yellow perch,Whole fish homogenate,1,1,9/19/19,2019,<0.126,<0.03,<0.016,<0.02,0.334,1.532,2.153,1.731,0.627,0.606,0.169,<0.591,<0.017,0.02,<0.006,0.068,0.026,38.179,<0.007,0.463,<0.005,<0.006,<0.016,<0.023,<0.02,<0.01,<0.013,<0.161,<0.011,<0.008,<0.163,<0.071,<0.032,<0.108,<0.127,<0.034,<0.014,<0.054,<0.014,<0.086,<0.414,<0.016,<0.014,<0.011,<0.009,0.089,<0.023,<0.016,<0.004,<0.035,<0.036,<0.021,<0.034,<0.058,<0.047,<0.081,<0.161,<0.027,<0.03,<0.053
#8 Munoz et al (2022),PEFL-J7,14.5,30,Juvenile,-21.26,13.06,Lake Ontario,St. Lawrence River,Iles de Boucherville,45.61042111,-73.4832161,45.7160065,-73.44774639,Pisces,Yellow perch,Whole fish homogenate,1,1,9/19/19,2019,<0.126,<0.03,<0.016,<0.02,0.014,1.239,2.616,2.288,0.833,0.813,0.409,<0.591,<0.017,<0.005,<0.006,<0.005,0.051,41.846,<0.007,0.523,<0.005,0.078,<0.016,0.115,<0.02,<0.01,<0.013,<0.161,<0.011,<0.008,<0.163,<0.071,<0.032,<0.108,<0.127,<0.034,<0.014,<0.054,<0.014,<0.086,<0.414,<0.016,<0.014,<0.011,<0.009,0.049,<0.023,<0.016,<0.004,<0.035,<0.036,<0.021,<0.034,<0.058,<0.047,<0.081,<0.161,<0.027,<0.03,<0.053
#8 Munoz et al (2022),PEFL-J9,14.1,29.7,Juvenile,-20.38,14.11,Lake Ontario,St. Lawrence River,Iles de Boucherville,45.61042111,-73.4832161,45.7160065,-73.44774639,Pisces,Yellow perch,Whole fish homogenate,1,1,9/19/19,2019,<0.126,<0.03,<0.016,<0.02,<0.013,1.207,3.489,3.513,1.747,1.741,0.57,<0.591,<0.017,<0.005,<0.006,0.02,0.045,68.172,<0.007,1.185,<0.005,0.116,<0.016,<0.023,<0.02,<0.01,<0.013,<0.161,<0.011,<0.008,<0.163,<0.071,<0.032,<0.108,<0.127,<0.034,<0.014,<0.054,<0.014,<0.086,<0.414,<0.016,<0.014,<0.011,<0.009,0.056,<0.023,<0.016,<0.004,<0.035,<0.036,<0.021,<0.034,<0.058,<0.047,<0.081,<0.161,<0.027,<0.03,<0.053
#8 Munoz et al (2022),PINO-1,12.5,15,Adult (Sexually Mature),-21,12.44,Lake Ontario,St. Lawrence River,Iles de Boucherville,45.61042111,-73.4832161,45.7160065,-73.44774639,Pisces,Bluntnose minnow,Whole fish homogenate,1,1,9/19/19,2019,<0.126,<0.03,<0.016,<0.02,<0.013,0.084,1.684,2.521,0.651,1.008,0.212,<0.591,<0.017,<0.005,<0.006,<0.005,<0.007,41.121,<0.007,0.637,<0.005,<0.006,<0.016,<0.023,<0.02,<0.01,<0.013,<0.161,<0.011,0.027,<0.163,<0.071,<0.032,<0.108,<0.127,<0.034,<0.014,<0.054,<0.014,<0.086,<0.414,<0.016,<0.014,<0.011,<0.009,<0.009,<0.023,<0.016,0.06,<0.035,<0.036,<0.021,<0.034,<0.058,<0.047,<0.081,<0.161,<0.027,<0.03,<0.053
#8 Munoz et al (2022),PINO-2,13,21,Adult (Sexually Mature),-20.34,12.4,Lake Ontario,St. Lawrence River,Iles de Boucherville,45.61042111,-73.4832161,45.7160065,-73.44774639,Pisces,Bluntnose minnow,Whole fish homogenate,1,1,9/19/19,2019,<0.126,<0.03,0.023,<0.02,<0.013,0.086,2.181,2.606,0.657,0.582,0.186,<0.591,<0.017,<0.005,<0.006,<0.005,<0.007,59.728,<0.007,0.756,<0.005,<0.006,<0.016,<0.023,<0.02,<0.01,<0.013,<0.161,<0.011,<0.008,<0.163,<0.071,<0.032,<0.108,<0.127,<0.034,<0.014,<0.054,<0.014,<0.086,<0.414,<0.016,<0.014,<0.011,<0.009,<0.009,<0.023,<0.016,0.047,<0.035,<0.036,<0.021,<0.034,<0.058,<0.047,<0.081,<0.161,<0.027,<0.03,<0.053
#8 Munoz et al (2022),PINO-3,7.45,4.4,Adult (Sexually Mature),-19.77,8.11,Lake Ontario,St. Lawrence River,Ilet Vert,45.70575134,-73.45269049,45.7160065,-73.44774639,Pisces,Bluntnose minnow,Whole fish homogenate,1,1,9/19/19,2019,<0.126,<0.03,<0.016,<0.02,<0.013,0.346,1.925,2.441,0.976,1.021,0.387,<0.591,<0.017,<0.005,<0.006,<0.005,<0.007,25.085,<0.007,0.537,<0.005,<0.006,<0.016,<0.023,<0.02,<0.01,<0.013,<0.161,<0.011,0.054,<0.163,<0.071,<0.032,<0.108,<0.127,<0.034,<0.014,<0.054,<0.014,<0.086,<0.414,<0.016,<0.014,<0.011,<0.009,<0.009,<0.023,<0.016,0.31,<0.035,<0.036,<0.021,<0.034,<0.058,<0.047,<0.081,<0.161,<0.027,<0.03,<0.053
#8 Munoz et al (2022),PINO-4,7.65,3.5,Adult (Sexually Mature),-20.47,5.95,Lake Ontario,St. Lawrence River,Ilet Vert,45.70575134,-73.45269049,45.7160065,-73.44774639,Pisces,Bluntnose minnow,Whole fish homogenate,1,1,9/19/19,2019,<0.126,<0.03,<0.016,<0.02,<0.013,0.093,1.001,1.039,0.388,0.406,0.12,<0.591,<0.017,<0.005,<0.006,<0.005,<0.007,19.535,<0.007,0.342,<0.005,<0.006,<0.016,<0.023,<0.02,<0.01,<0.013,<0.161,<0.011,<0.008,<0.163,<0.071,<0.032,<0.108,<0.127,<0.034,<0.014,<0.054,<0.014,<0.086,<0.414,<0.016,<0.014,<0.011,<0.009,<0.009,<0.023,<0.016,0.244,<0.035,<0.036,<0.021,<0.034,<0.058,<0.047,<0.081,<0.161,<0.027,<0.03,<0.053
#8 Munoz et al (2022),PINO-5,11.7,14,Adult (Sexually Mature),-20.2,12.62,Lake Ontario,St. Lawrence River,Iles de Boucherville,45.61042111,-73.4832161,45.7160065,-73.44774639,Pisces,Bluntnose minnow,Whole fish homogenate,1,1,9/19/19,2019,<0.126,<0.03,<0.016,<0.02,<0.013,0.147,2.641,2.963,0.806,0.851,0.261,<0.591,<0.017,<0.005,<0.006,<0.005,<0.007,63.011,<0.007,1.29,<0.005,<0.006,<0.016,<0.023,<0.02,<0.01,<0.013,<0.161,<0.011,<0.008,<0.163,<0.071,<0.032,<0.108,<0.127,<0.034,<0.014,0.101,<0.014,<0.086,<0.414,<0.016,<0.014,<0.011,<0.009,<0.009,<0.023,<0.016,0.034,<0.035,<0.036,<0.021,<0.034,<0.058,<0.047,<0.081,<0.161,<0.027,<0.03,<0.053
#8 Munoz et al (2022),TITI-1,48.1,1325,Adult (Sexually Mature),-23.34,11.91,Lake Ontario,St. Lawrence River,Ile Beauregard,45.75109236,-73.41078688,45.7160065,-73.44774639,Pisces,Tench,Whole fish homogenate,1,1,9/19/19,2019,<0.126,<0.03,<0.016,<0.02,<0.013,1.002,1.629,1.501,0.609,0.532,0.243,<0.591,<0.017,<0.005,<0.006,<0.005,0.017,25.106,<0.007,0.708,<0.005,0.478,0.042,0.067,<0.02,<0.01,<0.013,<0.161,<0.011,<0.008,<0.163,<0.071,<0.032,<0.108,<0.127,<0.034,<0.014,<0.054,<0.014,<0.086,<0.414,<0.016,<0.014,<0.011,<0.009,<0.009,<0.023,<0.016,<0.004,<0.035,<0.036,<0.021,<0.034,<0.058,<0.047,<0.081,<0.161,<0.027,<0.03,<0.053
#8 Munoz et al (2022),TITI-2,33.6,600,Adult (Sexually Mature),-25.98,11.54,Lake Ontario,St. Lawrence River,Iles de Boucherville,45.61042111,-73.4832161,45.7160065,-73.44774639,Pisces,Tench,Whole fish homogenate,1,1,9/19/19,2019,0.213,<0.03,<0.016,<0.02,0.013,1.012,1.366,1.674,0.635,0.634,0.233,<0.591,<0.017,<0.005,<0.006,<0.005,0.013,27.111,<0.007,0.342,<0.005,0.398,<0.016,0.062,<0.02,<0.01,<0.013,<0.161,<0.011,0.025,<0.163,<0.071,<0.032,<0.108,<0.127,<0.034,<0.014,<0.054,<0.014,<0.086,<0.414,<0.016,<0.014,<0.011,<0.009,0.022,<0.023,<0.016,<0.004,<0.035,<0.036,<0.021,<0.034,<0.058,<0.047,<0.081,<0.161,<0.027,<0.03,<0.053